pert_name,pred_sem_mean,pred_sem_std,random_sem,num_ha_change,fp_similarity,fepspace_pert
CHEMBL1084143~CHEMBL1086409,2.627442,2.7026067,0.28856634049722696,14,0.4900662251655629,c1ccccc1~c1ccccc1
CHEMBL1086409~CHEMBL1084143,2.627442,2.7026067,0.28856634049722696,14,0.4900662251655629,c1ccccc1~c1ccccc1
CHEMBL1084143~CHEMBL1096003,2.627442,2.7026067,0.8133391846565574,9,0.6746987951807228,c1ccccc1~c1ccccc1
CHEMBL1096003~CHEMBL1084143,2.627442,2.7026067,0.8133391846565574,9,0.6746987951807228,c1ccccc1~c1ccccc1
CHEMBL1084143~CHEMBL1077204,2.627442,2.7026067,0.5619771040543111,21,0.6666666666666666,c1ccccc1~c1ccccc1
CHEMBL1077204~CHEMBL1084143,2.627442,2.7026067,0.5619771040543111,21,0.6666666666666666,c1ccccc1~c1ccccc1
CHEMBL1084143~CHEMBL1093087,2.627442,2.7026067,0.4933352340557138,22,0.5341614906832298,c1ccccc1~c1ccccc1
CHEMBL1093087~CHEMBL1084143,2.627442,2.7026067,0.4933352340557138,22,0.5341614906832298,c1ccccc1~c1ccccc1
CHEMBL1084143~CHEMBL1086410,2.627442,2.7026067,0.6856084331708648,11,0.5866666666666667,c1ccccc1~c1ccccc1
CHEMBL1086410~CHEMBL1084143,2.627442,2.7026067,0.6856084331708648,11,0.5866666666666667,c1ccccc1~c1ccccc1
CHEMBL1084143~CHEMBL1084115,2.627442,2.7026067,0.8127801010730242,17,0.3401360544217687,c1ccccc1~c1ccccc1
CHEMBL1084115~CHEMBL1084143,2.627442,2.7026067,0.8127801010730242,17,0.3401360544217687,c1ccccc1~c1ccccc1
CHEMBL1084143~CHEMBL1078691,2.627442,2.7026067,0.13070585278599645,13,0.3586206896551724,c1ccccc1~c1ccccc1
CHEMBL1078691~CHEMBL1084143,2.627442,2.7026067,0.13070585278599645,13,0.3586206896551724,c1ccccc1~c1ccccc1
CHEMBL1084143~CHEMBL1088740,2.627442,2.7026067,0.034246397477155854,14,0.46808510638297873,c1ccccc1~c1ccccc1
CHEMBL1088740~CHEMBL1084143,2.627442,2.7026067,0.034246397477155854,14,0.46808510638297873,c1ccccc1~c1ccccc1
CHEMBL1084143~CHEMBL1084678,2.627442,2.7026067,0.7862473922889913,4,0.5988023952095808,c1ccccc1~c1ccccc1
CHEMBL1084678~CHEMBL1084143,2.627442,2.7026067,0.7862473922889913,4,0.5988023952095808,c1ccccc1~c1ccccc1
CHEMBL1084143~CHEMBL1078998,2.627442,2.7026067,0.8601263831223923,17,0.2876712328767123,c1ccccc1~c1ccccc1
CHEMBL1078998~CHEMBL1084143,2.627442,2.7026067,0.8601263831223923,17,0.2876712328767123,c1ccccc1~c1ccccc1
CHEMBL1084143~CHEMBL1085666,2.627442,2.7026067,0.8451171515798699,12,0.581081081081081,c1ccccc1~c1ccccc1
CHEMBL1085666~CHEMBL1084143,2.627442,2.7026067,0.8451171515798699,12,0.581081081081081,c1ccccc1~c1ccccc1
CHEMBL1084143~CHEMBL1082248,2.627442,2.7026067,0.9681007313868291,14,0.4868421052631579,c1ccccc1~c1ccccc1
CHEMBL1082248~CHEMBL1084143,2.627442,2.7026067,0.9681007313868291,14,0.4868421052631579,c1ccccc1~c1ccccc1
CHEMBL1084143~CHEMBL1083836,2.627442,2.7026067,0.2112585406559302,11,0.6,c1ccccc1~c1ccccc1
CHEMBL1083836~CHEMBL1084143,2.627442,2.7026067,0.2112585406559302,11,0.6,c1ccccc1~c1ccccc1
CHEMBL1084143~CHEMBL1082249,2.627442,2.7026067,0.20483715810782355,14,0.46987951807228917,c1ccccc1~c1ccccc1
CHEMBL1082249~CHEMBL1084143,2.627442,2.7026067,0.20483715810782355,14,0.46987951807228917,c1ccccc1~c1ccccc1
CHEMBL1084143~CHEMBL1096002,2.627442,2.7026067,0.10125588784089479,14,0.4430379746835443,c1ccccc1~c1ccccc1
CHEMBL1096002~CHEMBL1084143,2.627442,2.7026067,0.10125588784089479,14,0.4430379746835443,c1ccccc1~c1ccccc1
CHEMBL1084143~CHEMBL1083517,2.627442,2.7026067,0.3709371049676353,14,0.4774193548387097,c1ccccc1~c1ccccc1
CHEMBL1083517~CHEMBL1084143,2.627442,2.7026067,0.3709371049676353,14,0.4774193548387097,c1ccccc1~c1ccccc1
CHEMBL1084143~CHEMBL1089056,2.627442,2.7026067,0.1574097443325233,12,0.46153846153846156,c1ccccc1~c1ccccc1
CHEMBL1089056~CHEMBL1084143,2.627442,2.7026067,0.1574097443325233,12,0.46153846153846156,c1ccccc1~c1ccccc1
CHEMBL1084143~CHEMBL1084677,2.627442,2.7026067,0.691911322407015,8,0.7108433734939759,c1ccccc1~c1ccccc1
CHEMBL1084677~CHEMBL1084143,2.627442,2.7026067,0.691911322407015,8,0.7108433734939759,c1ccccc1~c1ccccc1
CHEMBL1084143~CHEMBL1084431,2.627442,2.7026067,0.12659913825746527,25,0.5257142857142857,c1ccccc1~c1ccccc1
CHEMBL1084431~CHEMBL1084143,2.627442,2.7026067,0.12659913825746527,25,0.5257142857142857,c1ccccc1~c1ccccc1
CHEMBL1084143~CHEMBL1077227,2.627442,2.7026067,0.7621846308407584,16,0.40522875816993464,c1ccccc1~c1ccccc1
CHEMBL1077227~CHEMBL1084143,2.627442,2.7026067,0.7621846308407584,16,0.40522875816993464,c1ccccc1~c1ccccc1
CHEMBL1084143~CHEMBL1085895,2.627442,2.7026067,0.200974221772947,13,0.6107784431137725,c1ccccc1~c1ccccc1
CHEMBL1085895~CHEMBL1084143,2.627442,2.7026067,0.200974221772947,13,0.6107784431137725,c1ccccc1~c1ccccc1
CHEMBL1084143~CHEMBL1089393,2.627442,2.7026067,0.8173157338470526,14,0.45390070921985815,c1ccccc1~c1ccccc1
CHEMBL1089393~CHEMBL1084143,2.627442,2.7026067,0.8173157338470526,14,0.45390070921985815,c1ccccc1~c1ccccc1
CHEMBL1084143~CHEMBL1078774,2.627442,2.7026067,0.8442722651549409,14,0.3333333333333333,c1ccccc1~c1ccccc1
CHEMBL1078774~CHEMBL1084143,2.627442,2.7026067,0.8442722651549409,14,0.3333333333333333,c1ccccc1~c1ccccc1
CHEMBL1084143~CHEMBL1085692,2.627442,2.7026067,0.14565322022122307,14,0.5680473372781065,c1ccccc1~c1ccccc1
CHEMBL1085692~CHEMBL1084143,2.627442,2.7026067,0.14565322022122307,14,0.5680473372781065,c1ccccc1~c1ccccc1
CHEMBL1084143~CHEMBL1084676,2.627442,2.7026067,0.7973870990963761,21,0.6432748538011696,c1ccccc1~c1ccccc1
CHEMBL1084676~CHEMBL1084143,2.627442,2.7026067,0.7973870990963761,21,0.6432748538011696,c1ccccc1~c1ccccc1
CHEMBL1084143~CHEMBL1084935,2.627442,2.7026067,0.14430647835136745,14,0.5859872611464968,c1ccccc1~c1ccccc1
CHEMBL1084935~CHEMBL1084143,2.627442,2.7026067,0.14430647835136745,14,0.5859872611464968,c1ccccc1~c1ccccc1
CHEMBL1084143~CHEMBL1093088,2.627442,2.7026067,0.14073365299023766,18,0.546583850931677,c1ccccc1~c1ccccc1
CHEMBL1093088~CHEMBL1084143,2.627442,2.7026067,0.14073365299023766,18,0.546583850931677,c1ccccc1~c1ccccc1
CHEMBL1086409~CHEMBL1096003,2.627442,2.7026067,0.64817436123054,13,0.4161073825503356,c1ccccc1~c1ccccc1
CHEMBL1096003~CHEMBL1086409,2.627442,2.7026067,0.64817436123054,13,0.4161073825503356,c1ccccc1~c1ccccc1
CHEMBL1086409~CHEMBL1077204,2.627442,2.7026067,0.7077964658111136,8,0.6622516556291391,c1ccccc1~c1ccccc1
CHEMBL1077204~CHEMBL1086409,2.627442,2.7026067,0.7077964658111136,8,0.6622516556291391,c1ccccc1~c1ccccc1
CHEMBL1086409~CHEMBL1093087,2.627442,2.7026067,0.7016315606556015,9,0.6805555555555556,c1ccccc1~c1ccccc1
CHEMBL1093087~CHEMBL1086409,2.627442,2.7026067,0.7016315606556015,9,0.6805555555555556,c1ccccc1~c1ccccc1
CHEMBL1086409~CHEMBL1086410,0.18059659,0.05693946,0.20294266487290513,4,0.7969924812030075,FCc1ccc(F)c(CF)c1CF~CC(C)(C)c1ccccc1
CHEMBL1086410~CHEMBL1086409,0.18059659,0.05693946,0.20294266487290513,4,0.7969924812030075,FCc1ccc(F)c(CF)c1CF~CC(C)(C)c1ccccc1
CHEMBL1086409~CHEMBL1084115,2.627442,2.7026067,0.837479244524011,10,0.46153846153846156,c1ccccc1~c1ccccc1
CHEMBL1084115~CHEMBL1086409,2.627442,2.7026067,0.837479244524011,10,0.46153846153846156,c1ccccc1~c1ccccc1
CHEMBL1086409~CHEMBL1078691,2.627442,2.7026067,0.35002094010561047,8,0.53125,c1ccccc1~c1ccccc1
CHEMBL1078691~CHEMBL1086409,2.627442,2.7026067,0.35002094010561047,8,0.53125,c1ccccc1~c1ccccc1
CHEMBL1086409~CHEMBL1088740,2.627442,2.7026067,0.4468365341330073,8,0.43548387096774194,c1ccccc1~c1ccccc1
CHEMBL1088740~CHEMBL1086409,2.627442,2.7026067,0.4468365341330073,8,0.43548387096774194,c1ccccc1~c1ccccc1
CHEMBL1086409~CHEMBL1084678,2.627442,2.7026067,0.10063483911789517,8,0.68,c1ccccc1~c1ccccc1
CHEMBL1084678~CHEMBL1086409,2.627442,2.7026067,0.10063483911789517,8,0.68,c1ccccc1~c1ccccc1
CHEMBL1086409~CHEMBL1078998,2.627442,2.7026067,0.5759081647058318,10,0.4186046511627907,c1ccccc1~c1ccccc1
CHEMBL1078998~CHEMBL1086409,2.627442,2.7026067,0.5759081647058318,10,0.4186046511627907,c1ccccc1~c1ccccc1
CHEMBL1086409~CHEMBL1085666,2.627442,2.7026067,0.3386936828054171,2,0.7480916030534351,c1ccccc1~c1ccccc1
CHEMBL1085666~CHEMBL1086409,2.627442,2.7026067,0.3386936828054171,2,0.7480916030534351,c1ccccc1~c1ccccc1
CHEMBL1086409~CHEMBL1082248,2.627442,2.7026067,0.5617661991279643,4,0.5925925925925926,c1ccccc1~c1ccccc1
CHEMBL1082248~CHEMBL1086409,2.627442,2.7026067,0.5617661991279643,4,0.5925925925925926,c1ccccc1~c1ccccc1
CHEMBL1086409~CHEMBL1083836,1.8393934,1.5760739,0.14142705590104065,7,0.7218045112781954,Fc1ccccc1(F)(F)F~c1ccc(C2CC2)cc1
CHEMBL1083836~CHEMBL1086409,1.8393934,1.5760739,0.14142705590104065,7,0.7218045112781954,Fc1ccccc1(F)(F)F~c1ccc(C2CC2)cc1
CHEMBL1086409~CHEMBL1082249,2.627442,2.5803795,0.5222972126016198,10,0.4563758389261745,Fc1ccccc1(F)(F)F~CC(=O)NCCc1cccc(Br)c1F
CHEMBL1082249~CHEMBL1086409,2.627442,2.5803795,0.5222972126016198,10,0.4563758389261745,Fc1ccccc1(F)(F)F~CC(=O)NCCc1cccc(Br)c1F
CHEMBL1086409~CHEMBL1096002,2.4443276,2.7026067,0.4996394162688136,7,0.48226950354609927,Fc1ccccc1(F)(F)F~OCCc1cccc(Cl)c1F
CHEMBL1096002~CHEMBL1086409,2.4443276,2.7026067,0.4996394162688136,7,0.48226950354609927,Fc1ccccc1(F)(F)F~OCCc1cccc(Cl)c1F
CHEMBL1086409~CHEMBL1083517,0.16996461,0.06479525,0.48454163515349,1,0.9130434782608695,Fc1ccccc1~Oc1ccccc1
CHEMBL1083517~CHEMBL1086409,0.16996461,0.06479525,0.48454163515349,1,0.9130434782608695,Fc1ccccc1~Oc1ccccc1
CHEMBL1086409~CHEMBL1089056,2.627442,2.7026067,0.06389831997158524,8,0.5079365079365079,c1ccccc1~c1ccccc1
CHEMBL1089056~CHEMBL1086409,2.627442,2.7026067,0.06389831997158524,8,0.5079365079365079,c1ccccc1~c1ccccc1
CHEMBL1086409~CHEMBL1084677,2.627442,2.7026067,0.5025755169748679,9,0.7114093959731543,c1ccccc1~c1ccccc1
CHEMBL1084677~CHEMBL1086409,2.627442,2.7026067,0.5025755169748679,9,0.7114093959731543,c1ccccc1~c1ccccc1
CHEMBL1086409~CHEMBL1084431,2.627442,2.7026067,0.5286485997218928,12,0.6455696202531646,c1ccccc1~c1ccccc1
CHEMBL1084431~CHEMBL1086409,2.627442,2.7026067,0.5286485997218928,12,0.6455696202531646,c1ccccc1~c1ccccc1
CHEMBL1086409~CHEMBL1077227,2.627442,2.7026067,0.45959952224423717,9,0.6911764705882353,c1ccccc1~c1ccccc1
CHEMBL1077227~CHEMBL1086409,2.627442,2.7026067,0.45959952224423717,9,0.6911764705882353,c1ccccc1~c1ccccc1
CHEMBL1086409~CHEMBL1085895,1.0336773,0.55752814,0.28073240785250775,6,0.6533333333333333,Fc1ccccc1~O=C(NCCCO)c1ccccc1
CHEMBL1085895~CHEMBL1086409,1.0336773,0.55752814,0.28073240785250775,6,0.6533333333333333,Fc1ccccc1~O=C(NCCCO)c1ccccc1
CHEMBL1086409~CHEMBL1089393,2.627442,2.7026067,0.7910149036877396,8,0.41935483870967744,c1ccccc1~c1ccccc1
CHEMBL1089393~CHEMBL1086409,2.627442,2.7026067,0.7910149036877396,8,0.41935483870967744,c1ccccc1~c1ccccc1
CHEMBL1086409~CHEMBL1078774,2.627442,2.7026067,0.38669646112219425,8,0.49624060150375937,c1ccccc1~c1ccccc1
CHEMBL1078774~CHEMBL1086409,2.627442,2.7026067,0.38669646112219425,8,0.49624060150375937,c1ccccc1~c1ccccc1
CHEMBL1086409~CHEMBL1085692,2.627442,2.7026067,0.9791929045739868,13,0.40789473684210525,c1ccccc1~c1ccccc1
CHEMBL1085692~CHEMBL1086409,2.627442,2.7026067,0.9791929045739868,13,0.40789473684210525,c1ccccc1~c1ccccc1
CHEMBL1086409~CHEMBL1084676,2.627442,2.7026067,0.030541308341443196,8,0.6493506493506493,c1ccccc1~c1ccccc1
CHEMBL1084676~CHEMBL1086409,2.627442,2.7026067,0.030541308341443196,8,0.6493506493506493,c1ccccc1~c1ccccc1
CHEMBL1086409~CHEMBL1084935,2.627442,2.7026067,0.24693162289401704,7,0.6,c1ccccc1~c1ccccc1
CHEMBL1084935~CHEMBL1086409,2.627442,2.7026067,0.24693162289401704,7,0.6,c1ccccc1~c1ccccc1
CHEMBL1086409~CHEMBL1093088,2.627442,2.7026067,0.29343066033401155,6,0.6944444444444444,c1ccccc1~c1ccccc1
CHEMBL1093088~CHEMBL1086409,2.627442,2.7026067,0.29343066033401155,6,0.6944444444444444,c1ccccc1~c1ccccc1
CHEMBL1096003~CHEMBL1077204,2.627442,2.7026067,0.8448261524844218,6,0.5783132530120482,c1ccccc1~c1ccccc1
CHEMBL1077204~CHEMBL1096003,2.627442,2.7026067,0.8448261524844218,6,0.5783132530120482,c1ccccc1~c1ccccc1
CHEMBL1096003~CHEMBL1093087,2.627442,2.7026067,0.08341714587499538,18,0.4528301886792453,c1ccccc1~c1ccccc1
CHEMBL1093087~CHEMBL1096003,2.627442,2.7026067,0.08341714587499538,18,0.4528301886792453,c1ccccc1~c1ccccc1
CHEMBL1096003~CHEMBL1086410,2.627442,2.7026067,0.7891248162748552,14,0.47297297297297297,c1ccccc1~c1ccccc1
CHEMBL1086410~CHEMBL1096003,2.627442,2.7026067,0.7891248162748552,14,0.47297297297297297,c1ccccc1~c1ccccc1
CHEMBL1096003~CHEMBL1084115,2.627442,2.7026067,0.6250398785322228,23,0.2482758620689655,c1ccccc1~c1ccccc1
CHEMBL1084115~CHEMBL1096003,2.627442,2.7026067,0.6250398785322228,23,0.2482758620689655,c1ccccc1~c1ccccc1
CHEMBL1096003~CHEMBL1078691,2.627442,2.7026067,0.5653767501970031,15,0.26573426573426573,c1ccccc1~c1ccccc1
CHEMBL1078691~CHEMBL1096003,2.627442,2.7026067,0.5653767501970031,15,0.26573426573426573,c1ccccc1~c1ccccc1
CHEMBL1096003~CHEMBL1088740,2.627442,2.7026067,0.9706209048748142,13,0.3597122302158273,c1ccccc1~c1ccccc1
CHEMBL1088740~CHEMBL1096003,2.627442,2.7026067,0.9706209048748142,13,0.3597122302158273,c1ccccc1~c1ccccc1
CHEMBL1096003~CHEMBL1084678,2.627442,2.7026067,0.9723941321046644,8,0.49696969696969695,c1ccccc1~c1ccccc1
CHEMBL1084678~CHEMBL1096003,2.627442,2.7026067,0.9723941321046644,8,0.49696969696969695,c1ccccc1~c1ccccc1
CHEMBL1096003~CHEMBL1078998,2.627442,2.7026067,0.009775951805529814,23,0.20833333333333334,c1ccccc1~c1ccccc1
CHEMBL1078998~CHEMBL1096003,2.627442,2.7026067,0.009775951805529814,23,0.20833333333333334,c1ccccc1~c1ccccc1
CHEMBL1096003~CHEMBL1085666,2.627442,2.7026067,0.0696716725830484,11,0.4931506849315068,c1ccccc1~c1ccccc1
CHEMBL1085666~CHEMBL1096003,2.627442,2.7026067,0.0696716725830484,11,0.4931506849315068,c1ccccc1~c1ccccc1
CHEMBL1096003~CHEMBL1082248,2.627442,2.7026067,0.7396522900459019,8,0.64,c1ccccc1~c1ccccc1
CHEMBL1082248~CHEMBL1096003,2.627442,2.7026067,0.7396522900459019,8,0.64,c1ccccc1~c1ccccc1
CHEMBL1096003~CHEMBL1083836,2.627442,2.7026067,0.9856403581769321,13,0.47297297297297297,c1ccccc1~c1ccccc1
CHEMBL1083836~CHEMBL1096003,2.627442,2.7026067,0.9856403581769321,13,0.47297297297297297,c1ccccc1~c1ccccc1
CHEMBL1096003~CHEMBL1082249,2.627442,2.7026067,0.6422074840272636,8,0.6097560975609756,c1ccccc1~c1ccccc1
CHEMBL1082249~CHEMBL1096003,2.627442,2.7026067,0.6422074840272636,8,0.6097560975609756,c1ccccc1~c1ccccc1
CHEMBL1096003~CHEMBL1096002,2.627442,2.7026067,0.9990722484873732,9,0.717948717948718,c1ccccc1~c1ccccc1
CHEMBL1096002~CHEMBL1096003,2.627442,2.7026067,0.9990722484873732,9,0.717948717948718,c1ccccc1~c1ccccc1
CHEMBL1096003~CHEMBL1083517,2.627442,2.7026067,0.3264120517466952,13,0.40522875816993464,c1ccccc1~c1ccccc1
CHEMBL1083517~CHEMBL1096003,2.627442,2.7026067,0.3264120517466952,13,0.40522875816993464,c1ccccc1~c1ccccc1
CHEMBL1096003~CHEMBL1089056,2.627442,2.7026067,0.21589624302720956,15,0.3546099290780142,c1ccccc1~c1ccccc1
CHEMBL1089056~CHEMBL1096003,2.627442,2.7026067,0.21589624302720956,15,0.3546099290780142,c1ccccc1~c1ccccc1
CHEMBL1096003~CHEMBL1084677,0.24822155,0.09365413,0.9936818556710318,6,0.6341463414634146,Cc1cccc(Cl)c1NF~FC(F)(F)c1ccccc1
CHEMBL1084677~CHEMBL1096003,0.24822155,0.09365413,0.9936818556710318,6,0.6341463414634146,Cc1cccc(Cl)c1NF~FC(F)(F)c1ccccc1
CHEMBL1096003~CHEMBL1084431,2.627442,2.7026067,0.9671358039116082,8,0.4393063583815029,c1ccccc1~c1ccccc1
CHEMBL1084431~CHEMBL1096003,2.627442,2.7026067,0.9671358039116082,8,0.4393063583815029,c1ccccc1~c1ccccc1
CHEMBL1096003~CHEMBL1077227,2.627442,2.7026067,0.525797904995604,19,0.31788079470198677,c1ccccc1~c1ccccc1
CHEMBL1077227~CHEMBL1096003,2.627442,2.7026067,0.525797904995604,19,0.31788079470198677,c1ccccc1~c1ccccc1
CHEMBL1096003~CHEMBL1085895,2.627442,2.7026067,0.13424413566043303,14,0.5333333333333333,c1ccccc1~c1ccccc1
CHEMBL1085895~CHEMBL1096003,2.627442,2.7026067,0.13424413566043303,14,0.5333333333333333,c1ccccc1~c1ccccc1
CHEMBL1096003~CHEMBL1089393,2.627442,2.7026067,0.9027749263368013,12,0.4172661870503597,c1ccccc1~c1ccccc1
CHEMBL1089393~CHEMBL1096003,2.627442,2.7026067,0.9027749263368013,12,0.4172661870503597,c1ccccc1~c1ccccc1
CHEMBL1096003~CHEMBL1078774,2.627442,2.7026067,0.8918470813257081,15,0.28378378378378377,c1ccccc1~c1ccccc1
CHEMBL1078774~CHEMBL1096003,2.627442,2.7026067,0.8918470813257081,15,0.28378378378378377,c1ccccc1~c1ccccc1
CHEMBL1096003~CHEMBL1085692,2.627442,2.7026067,0.12723794581851355,0,0.6946107784431138,c1ccccc1~c1ccccc1
CHEMBL1085692~CHEMBL1096003,2.627442,2.7026067,0.12723794581851355,0,0.6946107784431138,c1ccccc1~c1ccccc1
CHEMBL1096003~CHEMBL1084676,2.627442,2.7026067,0.48600172479342296,6,0.5680473372781065,c1ccccc1~c1ccccc1
CHEMBL1084676~CHEMBL1096003,2.627442,2.7026067,0.48600172479342296,6,0.5680473372781065,c1ccccc1~c1ccccc1
CHEMBL1096003~CHEMBL1084935,2.627442,2.7026067,0.5278251874252052,14,0.5032258064516129,c1ccccc1~c1ccccc1
CHEMBL1084935~CHEMBL1096003,2.627442,2.7026067,0.5278251874252052,14,0.5032258064516129,c1ccccc1~c1ccccc1
CHEMBL1096003~CHEMBL1093088,2.627442,2.7026067,0.7813755754297952,18,0.4779874213836478,c1ccccc1~c1ccccc1
CHEMBL1093088~CHEMBL1096003,2.627442,2.7026067,0.7813755754297952,18,0.4779874213836478,c1ccccc1~c1ccccc1
CHEMBL1077204~CHEMBL1093087,2.627442,2.7026067,0.6598196547775729,10,0.6956521739130435,c1ccccc1~c1ccccc1
CHEMBL1093087~CHEMBL1077204,2.627442,2.7026067,0.6598196547775729,10,0.6956521739130435,c1ccccc1~c1ccccc1
CHEMBL1077204~CHEMBL1086410,2.627442,2.7026067,0.6530226964706706,11,0.6533333333333333,c1ccccc1~c1ccccc1
CHEMBL1086410~CHEMBL1077204,2.627442,2.7026067,0.6530226964706706,11,0.6533333333333333,c1ccccc1~c1ccccc1
CHEMBL1077204~CHEMBL1084115,2.627442,2.7026067,0.26868737932641407,19,0.40816326530612246,c1ccccc1~c1ccccc1
CHEMBL1084115~CHEMBL1077204,2.627442,2.7026067,0.26868737932641407,19,0.40816326530612246,c1ccccc1~c1ccccc1
CHEMBL1077204~CHEMBL1078691,2.627442,2.7026067,0.5149270746622446,14,0.4413793103448276,c1ccccc1~c1ccccc1
CHEMBL1078691~CHEMBL1077204,2.627442,2.7026067,0.5149270746622446,14,0.4413793103448276,c1ccccc1~c1ccccc1
CHEMBL1077204~CHEMBL1088740,2.627442,2.7026067,0.38192457586951845,14,0.46808510638297873,c1ccccc1~c1ccccc1
CHEMBL1088740~CHEMBL1077204,2.627442,2.7026067,0.38192457586951845,14,0.46808510638297873,c1ccccc1~c1ccccc1
CHEMBL1077204~CHEMBL1084678,2.627442,2.7026067,0.5745835950607924,9,0.7065868263473054,c1ccccc1~c1ccccc1
CHEMBL1084678~CHEMBL1077204,2.627442,2.7026067,0.5745835950607924,9,0.7065868263473054,c1ccccc1~c1ccccc1
CHEMBL1077204~CHEMBL1078998,2.627442,2.7026067,0.5189590226348378,19,0.3561643835616438,c1ccccc1~c1ccccc1
CHEMBL1078998~CHEMBL1077204,2.627442,2.7026067,0.5189590226348378,19,0.3561643835616438,c1ccccc1~c1ccccc1
CHEMBL1077204~CHEMBL1085666,2.627442,2.7026067,0.7207137902290012,9,0.7702702702702703,c1ccccc1~c1ccccc1
CHEMBL1085666~CHEMBL1077204,2.627442,2.7026067,0.7207137902290012,9,0.7702702702702703,c1ccccc1~c1ccccc1
CHEMBL1077204~CHEMBL1082248,2.627442,2.7026067,0.026252510763286385,12,0.4868421052631579,c1ccccc1~c1ccccc1
CHEMBL1082248~CHEMBL1077204,2.627442,2.7026067,0.026252510763286385,12,0.4868421052631579,c1ccccc1~c1ccccc1
CHEMBL1077204~CHEMBL1083836,2.627442,2.7026067,0.589882864108745,14,0.5866666666666667,c1ccccc1~c1ccccc1
CHEMBL1083836~CHEMBL1077204,2.627442,2.7026067,0.589882864108745,14,0.5866666666666667,c1ccccc1~c1ccccc1
CHEMBL1077204~CHEMBL1082249,2.627442,2.7026067,0.27652858749201215,11,0.5180722891566265,c1ccccc1~c1ccccc1
CHEMBL1082249~CHEMBL1077204,2.627442,2.7026067,0.27652858749201215,11,0.5180722891566265,c1ccccc1~c1ccccc1
CHEMBL1077204~CHEMBL1096002,2.627442,2.7026067,0.6370099186383463,12,0.45569620253164556,c1ccccc1~c1ccccc1
CHEMBL1096002~CHEMBL1077204,2.627442,2.7026067,0.6370099186383463,12,0.45569620253164556,c1ccccc1~c1ccccc1
CHEMBL1077204~CHEMBL1083517,2.627442,2.7026067,0.10372199328657883,8,0.6580645161290323,c1ccccc1~c1ccccc1
CHEMBL1083517~CHEMBL1077204,2.627442,2.7026067,0.10372199328657883,8,0.6580645161290323,c1ccccc1~c1ccccc1
CHEMBL1077204~CHEMBL1089056,2.627442,2.7026067,0.15216906414354625,14,0.5314685314685315,c1ccccc1~c1ccccc1
CHEMBL1089056~CHEMBL1077204,2.627442,2.7026067,0.15216906414354625,14,0.5314685314685315,c1ccccc1~c1ccccc1
CHEMBL1077204~CHEMBL1084677,2.627442,2.7026067,0.03075777426167703,9,0.7590361445783133,c1ccccc1~c1ccccc1
CHEMBL1084677~CHEMBL1077204,2.627442,2.7026067,0.03075777426167703,9,0.7590361445783133,c1ccccc1~c1ccccc1
CHEMBL1077204~CHEMBL1084431,2.627442,2.7026067,0.9685812157280757,5,0.7085714285714285,c1ccccc1~c1ccccc1
CHEMBL1084431~CHEMBL1077204,2.627442,2.7026067,0.9685812157280757,5,0.7085714285714285,c1ccccc1~c1ccccc1
CHEMBL1077204~CHEMBL1077227,2.627442,2.7026067,0.4055817992194011,19,0.47058823529411764,c1ccccc1~c1ccccc1
CHEMBL1077227~CHEMBL1077204,2.627442,2.7026067,0.4055817992194011,19,0.47058823529411764,c1ccccc1~c1ccccc1
CHEMBL1077204~CHEMBL1085895,2.627442,2.7026067,0.3269472233134969,4,0.8862275449101796,c1ccccc1~c1ccccc1
CHEMBL1085895~CHEMBL1077204,2.627442,2.7026067,0.3269472233134969,4,0.8862275449101796,c1ccccc1~c1ccccc1
CHEMBL1077204~CHEMBL1089393,2.627442,2.7026067,0.45600102287546784,14,0.45390070921985815,c1ccccc1~c1ccccc1
CHEMBL1089393~CHEMBL1077204,2.627442,2.7026067,0.45600102287546784,14,0.45390070921985815,c1ccccc1~c1ccccc1
CHEMBL1077204~CHEMBL1078774,2.627442,2.7026067,0.771517895945674,15,0.41333333333333333,c1ccccc1~c1ccccc1
CHEMBL1078774~CHEMBL1077204,2.627442,2.7026067,0.771517895945674,15,0.41333333333333333,c1ccccc1~c1ccccc1
CHEMBL1077204~CHEMBL1085692,2.627442,2.7026067,0.3482573777439568,6,0.6035502958579881,c1ccccc1~c1ccccc1
CHEMBL1085692~CHEMBL1077204,2.627442,2.7026067,0.3482573777439568,6,0.6035502958579881,c1ccccc1~c1ccccc1
CHEMBL1077204~CHEMBL1084676,2.627442,2.7026067,0.025414497978379025,1,0.8421052631578947,c1ccccc1~c1ccccc1
CHEMBL1084676~CHEMBL1077204,2.627442,2.7026067,0.025414497978379025,1,0.8421052631578947,c1ccccc1~c1ccccc1
CHEMBL1077204~CHEMBL1084935,2.627442,2.7026067,0.8441112714135578,13,0.6624203821656051,c1ccccc1~c1ccccc1
CHEMBL1084935~CHEMBL1077204,2.627442,2.7026067,0.8441112714135578,13,0.6624203821656051,c1ccccc1~c1ccccc1
CHEMBL1077204~CHEMBL1093088,2.627442,2.7026067,0.803566516675316,10,0.7080745341614907,c1ccccc1~c1ccccc1
CHEMBL1093088~CHEMBL1077204,2.627442,2.7026067,0.803566516675316,10,0.7080745341614907,c1ccccc1~c1ccccc1
CHEMBL1093087~CHEMBL1086410,2.627442,2.7026067,0.7379128685232035,12,0.6713286713286714,c1ccccc1~c1ccccc1
CHEMBL1086410~CHEMBL1093087,2.627442,2.7026067,0.7379128685232035,12,0.6713286713286714,c1ccccc1~c1ccccc1
CHEMBL1093087~CHEMBL1084115,2.627442,2.7026067,0.9937189639103962,20,0.4,c1ccccc1~c1ccccc1
CHEMBL1084115~CHEMBL1093087,2.627442,2.7026067,0.9937189639103962,20,0.4,c1ccccc1~c1ccccc1
CHEMBL1093087~CHEMBL1078691,2.627442,2.7026067,0.7974560671432918,15,0.43478260869565216,c1ccccc1~c1ccccc1
CHEMBL1078691~CHEMBL1093087,2.627442,2.7026067,0.7974560671432918,15,0.43478260869565216,c1ccccc1~c1ccccc1
CHEMBL1093087~CHEMBL1088740,2.627442,2.7026067,0.14470873175640653,15,0.47761194029850745,c1ccccc1~c1ccccc1
CHEMBL1088740~CHEMBL1093087,2.627442,2.7026067,0.14470873175640653,15,0.47761194029850745,c1ccccc1~c1ccccc1
CHEMBL1093087~CHEMBL1084678,2.627442,2.7026067,0.7994121273312167,14,0.8125,c1ccccc1~c1ccccc1
CHEMBL1084678~CHEMBL1093087,2.627442,2.7026067,0.7994121273312167,14,0.8125,c1ccccc1~c1ccccc1
CHEMBL1093087~CHEMBL1078998,2.627442,2.7026067,0.6460165330397896,20,0.3597122302158273,c1ccccc1~c1ccccc1
CHEMBL1078998~CHEMBL1093087,2.627442,2.7026067,0.6460165330397896,20,0.3597122302158273,c1ccccc1~c1ccccc1
CHEMBL1093087~CHEMBL1085666,2.627442,2.7026067,0.3894422339771326,10,0.8226950354609929,c1ccccc1~c1ccccc1
CHEMBL1085666~CHEMBL1093087,2.627442,2.7026067,0.3894422339771326,10,0.8226950354609929,c1ccccc1~c1ccccc1
CHEMBL1093087~CHEMBL1082248,2.627442,2.7026067,0.32404865707599095,12,0.4689655172413793,c1ccccc1~c1ccccc1
CHEMBL1082248~CHEMBL1093087,2.627442,2.7026067,0.32404865707599095,12,0.4689655172413793,c1ccccc1~c1ccccc1
CHEMBL1093087~CHEMBL1083836,2.627442,2.7026067,0.8197102068358482,11,0.5874125874125874,c1ccccc1~c1ccccc1
CHEMBL1083836~CHEMBL1093087,2.627442,2.7026067,0.8197102068358482,11,0.5874125874125874,c1ccccc1~c1ccccc1
CHEMBL1093087~CHEMBL1082249,2.627442,2.7026067,0.2821746317190499,11,0.44025157232704404,c1ccccc1~c1ccccc1
CHEMBL1082249~CHEMBL1093087,2.627442,2.7026067,0.2821746317190499,11,0.44025157232704404,c1ccccc1~c1ccccc1
CHEMBL1093087~CHEMBL1096002,2.627442,2.7026067,0.16544567793783194,11,0.4768211920529801,c1ccccc1~c1ccccc1
CHEMBL1096002~CHEMBL1093087,2.627442,2.7026067,0.16544567793783194,11,0.4768211920529801,c1ccccc1~c1ccccc1
CHEMBL1093087~CHEMBL1083517,2.627442,2.7026067,0.4284711655169262,9,0.6621621621621622,c1ccccc1~c1ccccc1
CHEMBL1083517~CHEMBL1093087,2.627442,2.7026067,0.4284711655169262,9,0.6621621621621622,c1ccccc1~c1ccccc1
CHEMBL1093087~CHEMBL1089056,2.627442,2.7026067,0.7624839501646743,15,0.5441176470588235,c1ccccc1~c1ccccc1
CHEMBL1089056~CHEMBL1093087,2.627442,2.7026067,0.7624839501646743,15,0.5441176470588235,c1ccccc1~c1ccccc1
CHEMBL1093087~CHEMBL1084677,2.627442,2.7026067,0.5277756756565224,12,0.7044025157232704,c1ccccc1~c1ccccc1
CHEMBL1084677~CHEMBL1093087,2.627442,2.7026067,0.5277756756565224,12,0.7044025157232704,c1ccccc1~c1ccccc1
CHEMBL1093087~CHEMBL1084431,0.22029862,0.100356735,0.43293339309480783,9,0.7857142857142857,c1ccc(Nc2ccccc2)cc1~Cc1ccc(C(=O)Nc2ccccc2)cc1
CHEMBL1084431~CHEMBL1093087,0.22029862,0.100356735,0.43293339309480783,9,0.7857142857142857,c1ccc(Nc2ccccc2)cc1~Cc1ccc(C(=O)Nc2ccccc2)cc1
CHEMBL1093087~CHEMBL1077227,2.627442,2.7026067,0.6297831255842824,18,0.4794520547945205,c1ccccc1~c1ccccc1
CHEMBL1077227~CHEMBL1093087,2.627442,2.7026067,0.6297831255842824,18,0.4794520547945205,c1ccccc1~c1ccccc1
CHEMBL1093087~CHEMBL1085895,2.627442,2.7026067,0.22738157353479638,9,0.7,c1ccccc1~c1ccccc1
CHEMBL1085895~CHEMBL1093087,2.627442,2.7026067,0.22738157353479638,9,0.7,c1ccccc1~c1ccccc1
CHEMBL1093087~CHEMBL1089393,2.627442,2.7026067,0.5981135684139129,15,0.47761194029850745,c1ccccc1~c1ccccc1
CHEMBL1089393~CHEMBL1093087,2.627442,2.7026067,0.5981135684139129,15,0.47761194029850745,c1ccccc1~c1ccccc1
CHEMBL1093087~CHEMBL1078774,2.627442,2.7026067,0.8634853107735202,16,0.4195804195804196,c1ccccc1~c1ccccc1
CHEMBL1078774~CHEMBL1093087,2.627442,2.7026067,0.8634853107735202,16,0.4195804195804196,c1ccccc1~c1ccccc1
CHEMBL1093087~CHEMBL1085692,2.627442,2.7026067,0.0886409472347518,17,0.43209876543209874,c1ccccc1~c1ccccc1
CHEMBL1085692~CHEMBL1093087,2.627442,2.7026067,0.0886409472347518,17,0.43209876543209874,c1ccccc1~c1ccccc1
CHEMBL1093087~CHEMBL1084676,2.627442,2.7026067,0.5073924018457823,13,0.6829268292682927,c1ccccc1~c1ccccc1
CHEMBL1084676~CHEMBL1093087,2.627442,2.7026067,0.5073924018457823,13,0.6829268292682927,c1ccccc1~c1ccccc1
CHEMBL1093087~CHEMBL1084935,2.627442,2.7026067,0.6264768406024215,12,0.64,c1ccccc1~c1ccccc1
CHEMBL1084935~CHEMBL1093087,2.627442,2.7026067,0.6264768406024215,12,0.64,c1ccccc1~c1ccccc1
CHEMBL1093087~CHEMBL1093088,2.627442,2.7026067,0.46211969022822597,11,0.7402597402597403,c1ccccc1~c1ccccc1
CHEMBL1093088~CHEMBL1093087,2.627442,2.7026067,0.46211969022822597,11,0.7402597402597403,c1ccccc1~c1ccccc1
CHEMBL1086410~CHEMBL1084115,2.627442,2.7026067,0.6506343852551391,6,0.5581395348837209,c1ccccc1~c1ccccc1
CHEMBL1084115~CHEMBL1086410,2.627442,2.7026067,0.6506343852551391,6,0.5581395348837209,c1ccccc1~c1ccccc1
CHEMBL1086410~CHEMBL1078691,2.627442,2.7026067,0.22199874038045841,4,0.5984251968503937,c1ccccc1~c1ccccc1
CHEMBL1078691~CHEMBL1086410,2.627442,2.7026067,0.22199874038045841,4,0.5984251968503937,c1ccccc1~c1ccccc1
CHEMBL1086410~CHEMBL1088740,2.627442,2.7026067,0.21725750871309568,7,0.5528455284552846,c1ccccc1~c1ccccc1
CHEMBL1088740~CHEMBL1086410,2.627442,2.7026067,0.21725750871309568,7,0.5528455284552846,c1ccccc1~c1ccccc1
CHEMBL1086410~CHEMBL1084678,2.627442,2.7026067,0.9290342532591822,11,0.6711409395973155,c1ccccc1~c1ccccc1
CHEMBL1084678~CHEMBL1086410,2.627442,2.7026067,0.9290342532591822,11,0.6711409395973155,c1ccccc1~c1ccccc1
CHEMBL1086410~CHEMBL1078998,2.627442,2.7026067,0.3882440369010951,6,0.515625,c1ccccc1~c1ccccc1
CHEMBL1078998~CHEMBL1086410,2.627442,2.7026067,0.3882440369010951,6,0.515625,c1ccccc1~c1ccccc1
CHEMBL1086410~CHEMBL1085666,2.627442,2.7026067,0.671737618332744,4,0.7384615384615385,c1ccccc1~c1ccccc1
CHEMBL1085666~CHEMBL1086410,2.627442,2.7026067,0.671737618332744,4,0.7384615384615385,c1ccccc1~c1ccccc1
CHEMBL1086410~CHEMBL1082248,2.627442,2.7026067,0.4246461549012933,5,0.6716417910447762,c1ccccc1~c1ccccc1
CHEMBL1082248~CHEMBL1086410,2.627442,2.7026067,0.4246461549012933,5,0.6716417910447762,c1ccccc1~c1ccccc1
CHEMBL1086410~CHEMBL1083836,0.28425255,0.18393038,0.5409402771464414,4,0.8181818181818182,CC(C)(C)c1ccccc1~c1ccc(C2CC2)cc1
CHEMBL1083836~CHEMBL1086410,0.28425255,0.18393038,0.5409402771464414,4,0.8181818181818182,CC(C)(C)c1ccccc1~c1ccc(C2CC2)cc1
CHEMBL1086410~CHEMBL1082249,0.6294791,0.29754674,0.17751830737071417,7,0.527027027027027,CC(C)(C)c1ccccc1~CC(=O)NCCc1cccc(Br)c1F
CHEMBL1082249~CHEMBL1086410,0.6294791,0.29754674,0.17751830737071417,7,0.527027027027027,CC(C)(C)c1ccccc1~CC(=O)NCCc1cccc(Br)c1F
CHEMBL1086410~CHEMBL1096002,0.37654176,0.2435345,0.03433501989643217,6,0.5428571428571428,CC(C)(C)c1ccccc1~OCCc1cccc(Cl)c1F
CHEMBL1096002~CHEMBL1086410,0.37654176,0.2435345,0.03433501989643217,6,0.5428571428571428,CC(C)(C)c1ccccc1~OCCc1cccc(Cl)c1F
CHEMBL1086410~CHEMBL1083517,0.20158164,0.100680694,0.9164923463864283,4,0.7737226277372263,CC(C)(C)c1ccccc1~Oc1ccc(CF)c(CF)c1CF
CHEMBL1083517~CHEMBL1086410,0.20158164,0.100680694,0.9164923463864283,4,0.7737226277372263,CC(C)(C)c1ccccc1~Oc1ccc(CF)c(CF)c1CF
CHEMBL1086410~CHEMBL1089056,2.627442,2.7026067,0.35053406667008713,4,0.72,c1ccccc1~c1ccccc1
CHEMBL1089056~CHEMBL1086410,2.627442,2.7026067,0.35053406667008713,4,0.72,c1ccccc1~c1ccccc1
CHEMBL1086410~CHEMBL1084677,2.627442,2.7026067,0.8056978448153133,11,0.7027027027027027,c1ccccc1~c1ccccc1
CHEMBL1084677~CHEMBL1086410,2.627442,2.7026067,0.8056978448153133,11,0.7027027027027027,c1ccccc1~c1ccccc1
CHEMBL1086410~CHEMBL1084431,2.627442,2.7026067,0.5412145628830936,15,0.6242038216560509,c1ccccc1~c1ccccc1
CHEMBL1084431~CHEMBL1086410,2.627442,2.7026067,0.5412145628830936,15,0.6242038216560509,c1ccccc1~c1ccccc1
CHEMBL1086410~CHEMBL1077227,2.627442,2.7026067,0.8701708313639931,5,0.7851851851851852,c1ccccc1~c1ccccc1
CHEMBL1077227~CHEMBL1086410,2.627442,2.7026067,0.8701708313639931,5,0.7851851851851852,c1ccccc1~c1ccccc1
CHEMBL1086410~CHEMBL1085895,0.5561663,0.24776323,0.3369114219282697,9,0.6442953020134228,CC(C)(C)c1ccccc1~O=Cc1cc(CF)c(CF)c(CF)c1CNCCCO
CHEMBL1085895~CHEMBL1086410,0.5561663,0.24776323,0.3369114219282697,9,0.6442953020134228,CC(C)(C)c1ccccc1~O=Cc1cc(CF)c(CF)c(CF)c1CNCCCO
CHEMBL1086410~CHEMBL1089393,2.627442,2.7026067,0.0032183182358991314,7,0.5365853658536586,c1ccccc1~c1ccccc1
CHEMBL1089393~CHEMBL1086410,2.627442,2.7026067,0.0032183182358991314,7,0.5365853658536586,c1ccccc1~c1ccccc1
CHEMBL1086410~CHEMBL1078774,2.627442,2.7026067,0.41822577939781347,5,0.5454545454545454,c1ccccc1~c1ccccc1
CHEMBL1078774~CHEMBL1086410,2.627442,2.7026067,0.41822577939781347,5,0.5454545454545454,c1ccccc1~c1ccccc1
CHEMBL1086410~CHEMBL1085692,2.627442,2.7026067,0.6710260591314525,10,0.4768211920529801,c1ccccc1~c1ccccc1
CHEMBL1085692~CHEMBL1086410,2.627442,2.7026067,0.6710260591314525,10,0.4768211920529801,c1ccccc1~c1ccccc1
CHEMBL1086410~CHEMBL1084676,2.627442,2.7026067,0.3777519282540116,11,0.6405228758169934,c1ccccc1~c1ccccc1
CHEMBL1084676~CHEMBL1086410,2.627442,2.7026067,0.3777519282540116,11,0.6405228758169934,c1ccccc1~c1ccccc1
CHEMBL1086410~CHEMBL1084935,2.627442,2.7026067,0.5850525436617086,4,0.7913669064748201,c1ccccc1~c1ccccc1
CHEMBL1084935~CHEMBL1086410,2.627442,2.7026067,0.5850525436617086,4,0.7913669064748201,c1ccccc1~c1ccccc1
CHEMBL1086410~CHEMBL1093088,2.627442,2.7026067,0.31433703738520635,8,0.6853146853146853,c1ccccc1~c1ccccc1
CHEMBL1093088~CHEMBL1086410,2.627442,2.7026067,0.31433703738520635,8,0.6853146853146853,c1ccccc1~c1ccccc1
CHEMBL1084115~CHEMBL1078691,2.627442,2.7026067,0.1115072473588058,6,0.8225806451612904,c1ccccc1~c1ccccc1
CHEMBL1078691~CHEMBL1084115,2.627442,2.7026067,0.1115072473588058,6,0.8225806451612904,c1ccccc1~c1ccccc1
CHEMBL1084115~CHEMBL1088740,2.627442,2.7026067,0.19802514578652097,8,0.6333333333333333,c1ccccc1~c1ccccc1
CHEMBL1088740~CHEMBL1084115,2.627442,2.7026067,0.19802514578652097,8,0.6333333333333333,c1ccccc1~c1ccccc1
CHEMBL1084115~CHEMBL1084678,2.627442,2.7026067,0.4387072942402195,19,0.3972602739726027,c1ccccc1~c1ccccc1
CHEMBL1084678~CHEMBL1084115,2.627442,2.7026067,0.4387072942402195,19,0.3972602739726027,c1ccccc1~c1ccccc1
CHEMBL1084115~CHEMBL1078998,2.627442,2.7026067,0.9376051305451385,1,0.768,c1ccccc1~c1ccccc1
CHEMBL1078998~CHEMBL1084115,2.627442,2.7026067,0.9376051305451385,1,0.768,c1ccccc1~c1ccccc1
CHEMBL1084115~CHEMBL1085666,2.627442,2.7026067,0.6991645217299035,12,0.4409448818897638,c1ccccc1~c1ccccc1
CHEMBL1085666~CHEMBL1084115,2.627442,2.7026067,0.6991645217299035,12,0.4409448818897638,c1ccccc1~c1ccccc1
CHEMBL1084115~CHEMBL1082248,2.627442,2.7026067,0.46945816014327046,16,0.2748091603053435,c1ccccc1~c1ccccc1
CHEMBL1082248~CHEMBL1084115,2.627442,2.7026067,0.46945816014327046,16,0.2748091603053435,c1ccccc1~c1ccccc1
CHEMBL1084115~CHEMBL1083836,2.627442,2.7026067,0.36616438053404077,10,0.3875968992248062,c1ccccc1~c1ccccc1
CHEMBL1083836~CHEMBL1084115,2.627442,2.7026067,0.36616438053404077,10,0.3875968992248062,c1ccccc1~c1ccccc1
CHEMBL1084115~CHEMBL1082249,2.627442,2.7026067,0.3280640271321531,21,0.2620689655172414,c1ccccc1~c1ccccc1
CHEMBL1082249~CHEMBL1084115,2.627442,2.7026067,0.3280640271321531,21,0.2620689655172414,c1ccccc1~c1ccccc1
CHEMBL1084115~CHEMBL1096002,2.627442,2.7026067,0.7823580200900182,18,0.26277372262773724,c1ccccc1~c1ccccc1
CHEMBL1096002~CHEMBL1084115,2.627442,2.7026067,0.7823580200900182,18,0.26277372262773724,c1ccccc1~c1ccccc1
CHEMBL1084115~CHEMBL1083517,2.627442,2.7026067,0.29254052265089936,10,0.47761194029850745,c1ccccc1~c1ccccc1
CHEMBL1083517~CHEMBL1084115,2.627442,2.7026067,0.29254052265089936,10,0.47761194029850745,c1ccccc1~c1ccccc1
CHEMBL1084115~CHEMBL1089056,2.627442,2.7026067,0.5811618803566658,5,0.819672131147541,c1ccccc1~c1ccccc1
CHEMBL1089056~CHEMBL1084115,2.627442,2.7026067,0.5811618803566658,5,0.819672131147541,c1ccccc1~c1ccccc1
CHEMBL1084115~CHEMBL1084677,2.627442,2.7026067,0.8643752496556685,18,0.41379310344827586,c1ccccc1~c1ccccc1
CHEMBL1084677~CHEMBL1084115,2.627442,2.7026067,0.8643752496556685,18,0.41379310344827586,c1ccccc1~c1ccccc1
CHEMBL1084115~CHEMBL1084431,2.627442,2.7026067,0.9086075011734857,23,0.38961038961038963,c1ccccc1~c1ccccc1
CHEMBL1084431~CHEMBL1084115,2.627442,2.7026067,0.9086075011734857,23,0.38961038961038963,c1ccccc1~c1ccccc1
CHEMBL1084115~CHEMBL1077227,2.627442,2.7026067,0.3065451323178242,5,0.5303030303030303,c1ccccc1~c1ccccc1
CHEMBL1077227~CHEMBL1084115,2.627442,2.7026067,0.3065451323178242,5,0.5303030303030303,c1ccccc1~c1ccccc1
CHEMBL1084115~CHEMBL1085895,2.627442,2.7026067,0.8830200569803058,17,0.3835616438356164,c1ccccc1~c1ccccc1
CHEMBL1085895~CHEMBL1084115,2.627442,2.7026067,0.8830200569803058,17,0.3835616438356164,c1ccccc1~c1ccccc1
CHEMBL1084115~CHEMBL1089393,2.627442,2.7026067,0.11451245677002808,8,0.6166666666666667,c1ccccc1~c1ccccc1
CHEMBL1089393~CHEMBL1084115,2.627442,2.7026067,0.11451245677002808,8,0.6166666666666667,c1ccccc1~c1ccccc1
CHEMBL1084115~CHEMBL1078774,2.627442,2.7026067,0.2456068854572767,7,0.7906976744186046,c1ccccc1~c1ccccc1
CHEMBL1078774~CHEMBL1084115,2.627442,2.7026067,0.2456068854572767,7,0.7906976744186046,c1ccccc1~c1ccccc1
CHEMBL1084115~CHEMBL1085692,2.627442,2.7026067,0.204574704750203,23,0.24324324324324326,c1ccccc1~c1ccccc1
CHEMBL1085692~CHEMBL1084115,2.627442,2.7026067,0.204574704750203,23,0.24324324324324326,c1ccccc1~c1ccccc1
CHEMBL1084115~CHEMBL1084676,2.627442,2.7026067,0.5072317777513393,19,0.4,c1ccccc1~c1ccccc1
CHEMBL1084676~CHEMBL1084115,2.627442,2.7026067,0.5072317777513393,19,0.4,c1ccccc1~c1ccccc1
CHEMBL1084115~CHEMBL1084935,2.627442,2.7026067,0.2928448056463189,13,0.5294117647058824,c1ccccc1~c1ccccc1
CHEMBL1084935~CHEMBL1084115,2.627442,2.7026067,0.2928448056463189,13,0.5294117647058824,c1ccccc1~c1ccccc1
CHEMBL1084115~CHEMBL1093088,2.627442,2.7026067,0.2881170784001982,14,0.4142857142857143,c1ccccc1~c1ccccc1
CHEMBL1093088~CHEMBL1084115,2.627442,2.7026067,0.2881170784001982,14,0.4142857142857143,c1ccccc1~c1ccccc1
CHEMBL1078691~CHEMBL1088740,0.17014082,0.106612764,0.8271527230642697,4,0.6779661016949152,CCc1ccc(O)c(CC)c1CC~c1ccccc1
CHEMBL1088740~CHEMBL1078691,0.17014082,0.106612764,0.8271527230642697,4,0.6779661016949152,CCc1ccc(O)c(CC)c1CC~c1ccccc1
CHEMBL1078691~CHEMBL1084678,2.627442,2.7026067,0.6994350362023494,14,0.4305555555555556,c1ccccc1~c1ccccc1
CHEMBL1084678~CHEMBL1078691,2.627442,2.7026067,0.6994350362023494,14,0.4305555555555556,c1ccccc1~c1ccccc1
CHEMBL1078691~CHEMBL1078998,2.627442,2.7026067,0.6048682107552231,6,0.7479674796747967,c1ccccc1~c1ccccc1
CHEMBL1078998~CHEMBL1078691,2.627442,2.7026067,0.6048682107552231,6,0.7479674796747967,c1ccccc1~c1ccccc1
CHEMBL1078691~CHEMBL1085666,2.627442,2.7026067,0.5347618801329157,6,0.48,c1ccccc1~c1ccccc1
CHEMBL1085666~CHEMBL1078691,2.627442,2.7026067,0.5347618801329157,6,0.48,c1ccccc1~c1ccccc1
CHEMBL1078691~CHEMBL1082248,2.627442,2.7026067,0.20337084670785732,8,0.29457364341085274,c1ccccc1~c1ccccc1
CHEMBL1082248~CHEMBL1078691,2.627442,2.7026067,0.20337084670785732,8,0.29457364341085274,c1ccccc1~c1ccccc1
CHEMBL1078691~CHEMBL1083836,2.627442,2.7026067,0.09075335209863611,8,0.4409448818897638,c1ccccc1~c1ccccc1
CHEMBL1083836~CHEMBL1078691,2.627442,2.7026067,0.09075335209863611,8,0.4409448818897638,c1ccccc1~c1ccccc1
CHEMBL1078691~CHEMBL1082249,2.627442,2.7026067,0.8807694502087665,13,0.2937062937062937,c1ccccc1~c1ccccc1
CHEMBL1082249~CHEMBL1078691,2.627442,2.7026067,0.8807694502087665,13,0.2937062937062937,c1ccccc1~c1ccccc1
CHEMBL1078691~CHEMBL1096002,2.627442,2.7026067,0.6010446385988194,10,0.3111111111111111,c1ccccc1~c1ccccc1
CHEMBL1096002~CHEMBL1078691,2.627442,2.7026067,0.6010446385988194,10,0.3111111111111111,c1ccccc1~c1ccccc1
CHEMBL1078691~CHEMBL1083517,2.627442,2.7026067,0.00794605171581142,7,0.6363636363636364,c1ccccc1~c1ccccc1
CHEMBL1083517~CHEMBL1078691,2.627442,2.7026067,0.00794605171581142,7,0.6363636363636364,c1ccccc1~c1ccccc1
CHEMBL1078691~CHEMBL1089056,0.17592575,0.07613096,0.12184269636882927,1,0.8666666666666667,Oc1ccccc1~c1ccccc1
CHEMBL1089056~CHEMBL1078691,0.17592575,0.07613096,0.12184269636882927,1,0.8666666666666667,Oc1ccccc1~c1ccccc1
CHEMBL1078691~CHEMBL1084677,2.627442,2.7026067,0.8071191568093148,13,0.44755244755244755,c1ccccc1~c1ccccc1
CHEMBL1084677~CHEMBL1078691,2.627442,2.7026067,0.8071191568093148,13,0.44755244755244755,c1ccccc1~c1ccccc1
CHEMBL1078691~CHEMBL1084431,2.627442,2.7026067,0.06658168436859224,18,0.4473684210526316,c1ccccc1~c1ccccc1
CHEMBL1084431~CHEMBL1078691,2.627442,2.7026067,0.06658168436859224,18,0.4473684210526316,c1ccccc1~c1ccccc1
CHEMBL1078691~CHEMBL1077227,2.627442,2.7026067,0.10746253420299368,10,0.5076923076923077,c1ccccc1~c1ccccc1
CHEMBL1077227~CHEMBL1078691,2.627442,2.7026067,0.10746253420299368,10,0.5076923076923077,c1ccccc1~c1ccccc1
CHEMBL1078691~CHEMBL1085895,0.5650751,0.45497042,0.5278829446654568,12,0.4305555555555556,CC(C)(C)Cc1ccccc1O~O=C(NCCCO)NCCc1ccc(CF)c(CF)c1CF
CHEMBL1085895~CHEMBL1078691,0.5650751,0.45497042,0.5278829446654568,12,0.4305555555555556,CC(C)(C)Cc1ccccc1O~O=C(NCCCO)NCCc1ccc(CF)c(CF)c1CF
CHEMBL1078691~CHEMBL1089393,0.1520772,0.05048286,0.9879702435989653,5,0.6610169491525424,CC(C)(C)c1ccccc1O~Clc1ccccc1
CHEMBL1089393~CHEMBL1078691,0.1520772,0.05048286,0.9879702435989653,5,0.6610169491525424,CC(C)(C)c1ccccc1O~Clc1ccccc1
CHEMBL1078691~CHEMBL1078774,0.17264912,0.08217637,0.17392286534975365,1,0.8346456692913385,c1ccccc1~Fc1ccccc1
CHEMBL1078774~CHEMBL1078691,0.17264912,0.08217637,0.17392286534975365,1,0.8346456692913385,c1ccccc1~Fc1ccccc1
CHEMBL1078691~CHEMBL1085692,2.627442,2.7026067,0.9544841779611143,15,0.2602739726027397,c1ccccc1~c1ccccc1
CHEMBL1085692~CHEMBL1078691,2.627442,2.7026067,0.9544841779611143,15,0.2602739726027397,c1ccccc1~c1ccccc1
CHEMBL1078691~CHEMBL1084676,2.627442,2.7026067,0.8033715665917522,14,0.43243243243243246,c1ccccc1~c1ccccc1
CHEMBL1084676~CHEMBL1078691,2.627442,2.7026067,0.8033715665917522,14,0.43243243243243246,c1ccccc1~c1ccccc1
CHEMBL1078691~CHEMBL1084935,2.627442,2.7026067,0.24886441635471135,8,0.5671641791044776,c1ccccc1~c1ccccc1
CHEMBL1084935~CHEMBL1078691,2.627442,2.7026067,0.24886441635471135,8,0.5671641791044776,c1ccccc1~c1ccccc1
CHEMBL1078691~CHEMBL1093088,0.6493615,0.2251665,0.18761654469361555,9,0.4492753623188406,CC(C)(C)Cc1ccccc1O~FCc1ccc(CCn2cncn2)c(CF)c1CF
CHEMBL1093088~CHEMBL1078691,0.6493615,0.2251665,0.18761654469361555,9,0.4492753623188406,CC(C)(C)Cc1ccccc1O~FCc1ccc(CCn2cncn2)c(CF)c1CF
CHEMBL1088740~CHEMBL1084678,2.627442,2.7026067,0.09126100398176906,14,0.4714285714285714,c1ccccc1~c1ccccc1
CHEMBL1084678~CHEMBL1088740,2.627442,2.7026067,0.09126100398176906,14,0.4714285714285714,c1ccccc1~c1ccccc1
CHEMBL1088740~CHEMBL1078998,2.627442,2.7026067,0.05937677294267374,8,0.5714285714285714,c1ccccc1~c1ccccc1
CHEMBL1078998~CHEMBL1088740,2.627442,2.7026067,0.05937677294267374,8,0.5714285714285714,c1ccccc1~c1ccccc1
CHEMBL1088740~CHEMBL1085666,2.627442,2.7026067,0.78506631479991,6,0.5289256198347108,c1ccccc1~c1ccccc1
CHEMBL1085666~CHEMBL1088740,2.627442,2.7026067,0.78506631479991,6,0.5289256198347108,c1ccccc1~c1ccccc1
CHEMBL1088740~CHEMBL1082248,2.627442,2.7026067,0.3342098756948313,6,0.416,c1ccccc1~c1ccccc1
CHEMBL1082248~CHEMBL1088740,2.627442,2.7026067,0.3342098756948313,6,0.416,c1ccccc1~c1ccccc1
CHEMBL1088740~CHEMBL1083836,2.627442,2.7026067,0.08816021124224038,7,0.5528455284552846,c1ccccc1~c1ccccc1
CHEMBL1083836~CHEMBL1088740,2.627442,2.7026067,0.08816021124224038,7,0.5528455284552846,c1ccccc1~c1ccccc1
CHEMBL1088740~CHEMBL1082249,2.627442,2.7026067,0.07498878510650475,11,0.38848920863309355,c1ccccc1~c1ccccc1
CHEMBL1082249~CHEMBL1088740,2.627442,2.7026067,0.07498878510650475,11,0.38848920863309355,c1ccccc1~c1ccccc1
CHEMBL1088740~CHEMBL1096002,2.627442,2.7026067,0.44883409493456217,8,0.3969465648854962,c1ccccc1~c1ccccc1
CHEMBL1096002~CHEMBL1088740,2.627442,2.7026067,0.44883409493456217,8,0.3969465648854962,c1ccccc1~c1ccccc1
CHEMBL1088740~CHEMBL1083517,2.627442,2.7026067,0.7555167090722059,8,0.4375,c1ccccc1~c1ccccc1
CHEMBL1083517~CHEMBL1088740,2.627442,2.7026067,0.7555167090722059,8,0.4375,c1ccccc1~c1ccccc1
CHEMBL1088740~CHEMBL1089056,0.17233375,0.074099824,0.3172904875047805,3,0.8103448275862069,c1ccccc1~CC(C)(C)c1ccccc1
CHEMBL1089056~CHEMBL1088740,0.17233375,0.074099824,0.3172904875047805,3,0.8103448275862069,c1ccccc1~CC(C)(C)c1ccccc1
CHEMBL1088740~CHEMBL1084677,2.627442,2.7026067,0.8740521703794853,13,0.4892086330935252,c1ccccc1~c1ccccc1
CHEMBL1084677~CHEMBL1088740,2.627442,2.7026067,0.8740521703794853,13,0.4892086330935252,c1ccccc1~c1ccccc1
CHEMBL1088740~CHEMBL1084431,2.627442,2.7026067,0.15343294200727808,18,0.5,c1ccccc1~c1ccccc1
CHEMBL1084431~CHEMBL1088740,2.627442,2.7026067,0.15343294200727808,18,0.5,c1ccccc1~c1ccccc1
CHEMBL1088740~CHEMBL1077227,2.627442,2.7026067,0.5201719919600477,12,0.3492063492063492,c1ccccc1~c1ccccc1
CHEMBL1077227~CHEMBL1088740,2.627442,2.7026067,0.5201719919600477,12,0.3492063492063492,c1ccccc1~c1ccccc1
CHEMBL1088740~CHEMBL1085895,0.48295975,0.38976243,0.14942132294687716,12,0.45714285714285713,c1ccccc1~O=C(NCCCO)NCCc1ccc(CF)c(CF)c1CF
CHEMBL1085895~CHEMBL1088740,0.48295975,0.38976243,0.14942132294687716,12,0.45714285714285713,c1ccccc1~O=C(NCCCO)NCCc1ccc(CF)c(CF)c1CF
CHEMBL1088740~CHEMBL1089393,0.16757986,0.05771592,0.575969421869077,1,0.8070175438596491,Cc1ccccc1~Clc1ccccc1
CHEMBL1089393~CHEMBL1088740,0.16757986,0.05771592,0.575969421869077,1,0.8070175438596491,Cc1ccccc1~Clc1ccccc1
CHEMBL1088740~CHEMBL1078774,0.37256408,0.19004348,0.6122831532066098,5,0.6178861788617886,c1ccccc1~CCc1cc(F)c(O)c(CC)c1CC
CHEMBL1078774~CHEMBL1088740,0.37256408,0.19004348,0.6122831532066098,5,0.6178861788617886,c1ccccc1~CCc1cc(F)c(O)c(CC)c1CC
CHEMBL1088740~CHEMBL1085692,2.627442,2.7026067,0.1407002636340159,13,0.36619718309859156,c1ccccc1~c1ccccc1
CHEMBL1085692~CHEMBL1088740,2.627442,2.7026067,0.1407002636340159,13,0.36619718309859156,c1ccccc1~c1ccccc1
CHEMBL1088740~CHEMBL1084676,2.627442,2.7026067,0.5606512895719468,14,0.4583333333333333,c1ccccc1~c1ccccc1
CHEMBL1084676~CHEMBL1088740,2.627442,2.7026067,0.5606512895719468,14,0.4583333333333333,c1ccccc1~c1ccccc1
CHEMBL1088740~CHEMBL1084935,2.627442,2.7026067,0.2130890083944742,11,0.5076923076923077,c1ccccc1~c1ccccc1
CHEMBL1084935~CHEMBL1088740,2.627442,2.7026067,0.2130890083944742,11,0.5076923076923077,c1ccccc1~c1ccccc1
CHEMBL1088740~CHEMBL1093088,0.5983764,0.14465345,0.16617051491288437,9,0.5074626865671642,c1ccccc1~FCc1ccc(CCn2cncn2)c(CF)c1CF
CHEMBL1093088~CHEMBL1088740,0.5983764,0.14465345,0.16617051491288437,9,0.5074626865671642,c1ccccc1~FCc1ccc(CCn2cncn2)c(CF)c1CF
CHEMBL1084678~CHEMBL1078998,2.627442,2.7026067,0.4734184221648684,19,0.3586206896551724,c1ccccc1~c1ccccc1
CHEMBL1078998~CHEMBL1084678,2.627442,2.7026067,0.4734184221648684,19,0.3586206896551724,c1ccccc1~c1ccccc1
CHEMBL1084678~CHEMBL1085666,2.627442,2.7026067,0.7252436845748577,9,0.7891156462585034,c1ccccc1~c1ccccc1
CHEMBL1085666~CHEMBL1084678,2.627442,2.7026067,0.7252436845748577,9,0.7891156462585034,c1ccccc1~c1ccccc1
CHEMBL1084678~CHEMBL1082248,2.627442,2.7026067,0.9227498303048395,11,0.4900662251655629,c1ccccc1~c1ccccc1
CHEMBL1082248~CHEMBL1084678,2.627442,2.7026067,0.9227498303048395,11,0.4900662251655629,c1ccccc1~c1ccccc1
CHEMBL1084678~CHEMBL1083836,2.627442,2.7026067,0.9234652080755074,12,0.6040268456375839,c1ccccc1~c1ccccc1
CHEMBL1083836~CHEMBL1084678,2.627442,2.7026067,0.9234652080755074,12,0.6040268456375839,c1ccccc1~c1ccccc1
CHEMBL1084678~CHEMBL1082249,2.627442,2.7026067,0.2837677125019329,13,0.48484848484848486,c1ccccc1~c1ccccc1
CHEMBL1082249~CHEMBL1084678,2.627442,2.7026067,0.2837677125019329,13,0.48484848484848486,c1ccccc1~c1ccccc1
CHEMBL1084678~CHEMBL1096002,2.627442,2.7026067,0.7241535409619192,13,0.4713375796178344,c1ccccc1~c1ccccc1
CHEMBL1096002~CHEMBL1084678,2.627442,2.7026067,0.7241535409619192,13,0.4713375796178344,c1ccccc1~c1ccccc1
CHEMBL1084678~CHEMBL1083517,2.627442,2.7026067,0.36331175476144595,8,0.6623376623376623,c1ccccc1~c1ccccc1
CHEMBL1083517~CHEMBL1084678,2.627442,2.7026067,0.36331175476144595,8,0.6623376623376623,c1ccccc1~c1ccccc1
CHEMBL1084678~CHEMBL1089056,2.627442,2.7026067,0.6173217717372306,14,0.5352112676056338,c1ccccc1~c1ccccc1
CHEMBL1089056~CHEMBL1084678,2.627442,2.7026067,0.6173217717372306,14,0.5352112676056338,c1ccccc1~c1ccccc1
CHEMBL1084678~CHEMBL1084677,2.627442,2.7026067,0.025547720882800662,2,0.7393939393939394,c1ccccc1~c1ccccc1
CHEMBL1084677~CHEMBL1084678,2.627442,2.7026067,0.025547720882800662,2,0.7393939393939394,c1ccccc1~c1ccccc1
CHEMBL1084678~CHEMBL1084431,2.627442,2.7026067,0.9384791887024226,13,0.7586206896551724,c1ccccc1~c1ccccc1
CHEMBL1084431~CHEMBL1084678,2.627442,2.7026067,0.9384791887024226,13,0.7586206896551724,c1ccccc1~c1ccccc1
CHEMBL1084678~CHEMBL1077227,2.627442,2.7026067,0.16631681735627113,16,0.4868421052631579,c1ccccc1~c1ccccc1
CHEMBL1077227~CHEMBL1084678,2.627442,2.7026067,0.16631681735627113,16,0.4868421052631579,c1ccccc1~c1ccccc1
CHEMBL1084678~CHEMBL1085895,2.627442,2.7026067,0.5900692332863713,13,0.7108433734939759,c1ccccc1~c1ccccc1
CHEMBL1085895~CHEMBL1084678,2.627442,2.7026067,0.5900692332863713,13,0.7108433734939759,c1ccccc1~c1ccccc1
CHEMBL1084678~CHEMBL1089393,2.627442,2.7026067,0.30270669023690067,14,0.45714285714285713,c1ccccc1~c1ccccc1
CHEMBL1089393~CHEMBL1084678,2.627442,2.7026067,0.30270669023690067,14,0.45714285714285713,c1ccccc1~c1ccccc1
CHEMBL1084678~CHEMBL1078774,2.627442,2.7026067,0.4162889246128135,15,0.4161073825503356,c1ccccc1~c1ccccc1
CHEMBL1078774~CHEMBL1084678,2.627442,2.7026067,0.4162889246128135,15,0.4161073825503356,c1ccccc1~c1ccccc1
CHEMBL1084678~CHEMBL1085692,2.627442,2.7026067,0.6604427730711819,14,0.47619047619047616,c1ccccc1~c1ccccc1
CHEMBL1085692~CHEMBL1084678,2.627442,2.7026067,0.6604427730711819,14,0.47619047619047616,c1ccccc1~c1ccccc1
CHEMBL1084678~CHEMBL1084676,2.627442,2.7026067,0.780218773663783,15,0.6941176470588235,c1ccccc1~c1ccccc1
CHEMBL1084676~CHEMBL1084678,2.627442,2.7026067,0.780218773663783,15,0.6941176470588235,c1ccccc1~c1ccccc1
CHEMBL1084678~CHEMBL1084935,2.627442,2.7026067,0.7997265697836702,14,0.6282051282051282,c1ccccc1~c1ccccc1
CHEMBL1084935~CHEMBL1084678,2.627442,2.7026067,0.7997265697836702,14,0.6282051282051282,c1ccccc1~c1ccccc1
CHEMBL1084678~CHEMBL1093088,2.627442,2.7026067,0.249471291807562,10,0.7125,c1ccccc1~c1ccccc1
CHEMBL1093088~CHEMBL1084678,2.627442,2.7026067,0.249471291807562,10,0.7125,c1ccccc1~c1ccccc1
CHEMBL1078998~CHEMBL1085666,2.627442,2.7026067,0.06345955899281053,12,0.3968253968253968,c1ccccc1~c1ccccc1
CHEMBL1085666~CHEMBL1078998,2.627442,2.7026067,0.06345955899281053,12,0.3968253968253968,c1ccccc1~c1ccccc1
CHEMBL1078998~CHEMBL1082248,2.627442,2.7026067,0.39320804394724884,16,0.24615384615384617,c1ccccc1~c1ccccc1
CHEMBL1082248~CHEMBL1078998,2.627442,2.7026067,0.39320804394724884,16,0.24615384615384617,c1ccccc1~c1ccccc1
CHEMBL1078998~CHEMBL1083836,2.627442,2.7026067,0.6263726199753701,10,0.34375,c1ccccc1~c1ccccc1
CHEMBL1083836~CHEMBL1078998,2.627442,2.7026067,0.6263726199753701,10,0.34375,c1ccccc1~c1ccccc1
CHEMBL1078998~CHEMBL1082249,2.627442,2.7026067,0.3331780064341128,21,0.25,c1ccccc1~c1ccccc1
CHEMBL1082249~CHEMBL1078998,2.627442,2.7026067,0.3331780064341128,21,0.25,c1ccccc1~c1ccccc1
CHEMBL1078998~CHEMBL1096002,2.627442,2.7026067,0.5118755500100096,18,0.23529411764705882,c1ccccc1~c1ccccc1
CHEMBL1096002~CHEMBL1078998,2.627442,2.7026067,0.5118755500100096,18,0.23529411764705882,c1ccccc1~c1ccccc1
CHEMBL1078998~CHEMBL1083517,2.627442,2.7026067,0.9948686359606983,10,0.40601503759398494,c1ccccc1~c1ccccc1
CHEMBL1083517~CHEMBL1078998,2.627442,2.7026067,0.9948686359606983,10,0.40601503759398494,c1ccccc1~c1ccccc1
CHEMBL1078998~CHEMBL1089056,2.627442,2.7026067,0.6812850677103619,5,0.7603305785123967,c1ccccc1~c1ccccc1
CHEMBL1089056~CHEMBL1078998,2.627442,2.7026067,0.6812850677103619,5,0.7603305785123967,c1ccccc1~c1ccccc1
CHEMBL1078998~CHEMBL1084677,2.627442,2.7026067,0.0230164960523892,18,0.375,c1ccccc1~c1ccccc1
CHEMBL1084677~CHEMBL1078998,2.627442,2.7026067,0.0230164960523892,18,0.375,c1ccccc1~c1ccccc1
CHEMBL1078998~CHEMBL1084431,2.627442,2.7026067,0.3355707720362544,23,0.35294117647058826,c1ccccc1~c1ccccc1
CHEMBL1084431~CHEMBL1078998,2.627442,2.7026067,0.3355707720362544,23,0.35294117647058826,c1ccccc1~c1ccccc1
CHEMBL1078998~CHEMBL1077227,2.627442,2.7026067,0.5072410866735538,4,0.732824427480916,c1ccccc1~c1ccccc1
CHEMBL1077227~CHEMBL1078998,2.627442,2.7026067,0.5072410866735538,4,0.732824427480916,c1ccccc1~c1ccccc1
CHEMBL1078998~CHEMBL1085895,2.627442,2.7026067,0.14517151491465974,17,0.3448275862068966,c1ccccc1~c1ccccc1
CHEMBL1085895~CHEMBL1078998,2.627442,2.7026067,0.14517151491465974,17,0.3448275862068966,c1ccccc1~c1ccccc1
CHEMBL1078998~CHEMBL1089393,2.627442,2.7026067,0.41633020568363244,8,0.5546218487394958,c1ccccc1~c1ccccc1
CHEMBL1089393~CHEMBL1078998,2.627442,2.7026067,0.41633020568363244,8,0.5546218487394958,c1ccccc1~c1ccccc1
CHEMBL1078998~CHEMBL1078774,2.627442,2.7026067,0.5528788935833265,7,0.71875,c1ccccc1~c1ccccc1
CHEMBL1078774~CHEMBL1078998,2.627442,2.7026067,0.5528788935833265,7,0.71875,c1ccccc1~c1ccccc1
CHEMBL1078998~CHEMBL1085692,2.627442,2.7026067,0.23249540512186406,23,0.20408163265306123,c1ccccc1~c1ccccc1
CHEMBL1085692~CHEMBL1078998,2.627442,2.7026067,0.23249540512186406,23,0.20408163265306123,c1ccccc1~c1ccccc1
CHEMBL1078998~CHEMBL1084676,2.627442,2.7026067,0.7170746497340776,19,0.348993288590604,c1ccccc1~c1ccccc1
CHEMBL1084676~CHEMBL1078998,2.627442,2.7026067,0.7170746497340776,19,0.348993288590604,c1ccccc1~c1ccccc1
CHEMBL1078998~CHEMBL1084935,2.627442,2.7026067,0.5025315378395993,13,0.4740740740740741,c1ccccc1~c1ccccc1
CHEMBL1084935~CHEMBL1078998,2.627442,2.7026067,0.5025315378395993,13,0.4740740740740741,c1ccccc1~c1ccccc1
CHEMBL1078998~CHEMBL1093088,2.627442,2.7026067,0.5120775974135492,14,0.38848920863309355,c1ccccc1~c1ccccc1
CHEMBL1093088~CHEMBL1078998,2.627442,2.7026067,0.5120775974135492,14,0.38848920863309355,c1ccccc1~c1ccccc1
CHEMBL1085666~CHEMBL1082248,2.627442,2.7026067,0.6575433097370866,6,0.5151515151515151,c1ccccc1~c1ccccc1
CHEMBL1082248~CHEMBL1085666,2.627442,2.7026067,0.6575433097370866,6,0.5151515151515151,c1ccccc1~c1ccccc1
CHEMBL1085666~CHEMBL1083836,2.627442,2.7026067,0.07035025371915793,7,0.6461538461538462,c1ccccc1~c1ccccc1
CHEMBL1083836~CHEMBL1085666,2.627442,2.7026067,0.07035025371915793,7,0.6461538461538462,c1ccccc1~c1ccccc1
CHEMBL1085666~CHEMBL1082249,2.627442,2.7026067,0.09269407167514065,8,0.4794520547945205,c1ccccc1~c1ccccc1
CHEMBL1082249~CHEMBL1085666,2.627442,2.7026067,0.09269407167514065,8,0.4794520547945205,c1ccccc1~c1ccccc1
CHEMBL1085666~CHEMBL1096002,2.627442,2.7026067,0.33834620760510914,6,0.5072463768115942,c1ccccc1~c1ccccc1
CHEMBL1096002~CHEMBL1085666,2.627442,2.7026067,0.33834620760510914,6,0.5072463768115942,c1ccccc1~c1ccccc1
CHEMBL1085666~CHEMBL1083517,2.627442,2.7026067,0.35992424443785487,2,0.725925925925926,c1ccccc1~c1ccccc1
CHEMBL1083517~CHEMBL1085666,2.627442,2.7026067,0.35992424443785487,2,0.725925925925926,c1ccccc1~c1ccccc1
CHEMBL1085666~CHEMBL1089056,2.627442,2.7026067,0.21734123599837185,6,0.6016260162601627,c1ccccc1~c1ccccc1
CHEMBL1089056~CHEMBL1085666,2.627442,2.7026067,0.21734123599837185,6,0.6016260162601627,c1ccccc1~c1ccccc1
CHEMBL1085666~CHEMBL1084677,2.627442,2.7026067,0.42792221478351156,8,0.7671232876712328,c1ccccc1~c1ccccc1
CHEMBL1084677~CHEMBL1085666,2.627442,2.7026067,0.42792221478351156,8,0.7671232876712328,c1ccccc1~c1ccccc1
CHEMBL1085666~CHEMBL1084431,2.627442,2.7026067,0.44055958071187074,13,0.7612903225806451,c1ccccc1~c1ccccc1
CHEMBL1084431~CHEMBL1085666,2.627442,2.7026067,0.44055958071187074,13,0.7612903225806451,c1ccccc1~c1ccccc1
CHEMBL1085666~CHEMBL1077227,2.627442,2.7026067,0.01123271231230294,12,0.5263157894736842,c1ccccc1~c1ccccc1
CHEMBL1077227~CHEMBL1085666,2.627442,2.7026067,0.01123271231230294,12,0.5263157894736842,c1ccccc1~c1ccccc1
CHEMBL1085666~CHEMBL1085895,0.81600535,0.4288736,0.2122738646421518,7,0.7755102040816326,c1ccccc1~O=C(NCCCO)Nc1ccccc1
CHEMBL1085895~CHEMBL1085666,0.81600535,0.4288736,0.2122738646421518,7,0.7755102040816326,c1ccccc1~O=C(NCCCO)Nc1ccccc1
CHEMBL1085666~CHEMBL1089393,2.627442,2.7026067,0.3429446110986607,6,0.5289256198347108,c1ccccc1~c1ccccc1
CHEMBL1089393~CHEMBL1085666,2.627442,2.7026067,0.3429446110986607,6,0.5289256198347108,c1ccccc1~c1ccccc1
CHEMBL1085666~CHEMBL1078774,2.627442,2.7026067,0.9478463082589523,7,0.4461538461538462,c1ccccc1~c1ccccc1
CHEMBL1078774~CHEMBL1085666,2.627442,2.7026067,0.9478463082589523,7,0.4461538461538462,c1ccccc1~c1ccccc1
CHEMBL1085666~CHEMBL1085692,2.627442,2.7026067,0.3210459840198028,11,0.48322147651006714,c1ccccc1~c1ccccc1
CHEMBL1085692~CHEMBL1085666,2.627442,2.7026067,0.3210459840198028,11,0.48322147651006714,c1ccccc1~c1ccccc1
CHEMBL1085666~CHEMBL1084676,2.627442,2.7026067,0.6900906421260875,9,0.7549668874172185,c1ccccc1~c1ccccc1
CHEMBL1084676~CHEMBL1085666,2.627442,2.7026067,0.6900906421260875,9,0.7549668874172185,c1ccccc1~c1ccccc1
CHEMBL1085666~CHEMBL1084935,2.627442,2.7026067,0.4052043933632441,8,0.7007299270072993,c1ccccc1~c1ccccc1
CHEMBL1084935~CHEMBL1085666,2.627442,2.7026067,0.4052043933632441,8,0.7007299270072993,c1ccccc1~c1ccccc1
CHEMBL1085666~CHEMBL1093088,2.627442,2.7026067,0.7445672936313921,5,0.7943262411347518,c1ccccc1~c1ccccc1
CHEMBL1093088~CHEMBL1085666,2.627442,2.7026067,0.7445672936313921,5,0.7943262411347518,c1ccccc1~c1ccccc1
CHEMBL1082248~CHEMBL1083836,2.627442,2.7026067,0.602402504006476,4,0.6716417910447762,c1ccccc1~c1ccccc1
CHEMBL1083836~CHEMBL1082248,2.627442,2.7026067,0.602402504006476,4,0.6716417910447762,c1ccccc1~c1ccccc1
CHEMBL1082248~CHEMBL1082249,0.96999073,0.41113487,0.48691744092357825,5,0.8266666666666667,c1ccccc1~CC(=O)NCCc1ccccc1
CHEMBL1082249~CHEMBL1082248,0.96999073,0.41113487,0.48691744092357825,5,0.8266666666666667,c1ccccc1~CC(=O)NCCc1ccccc1
CHEMBL1082248~CHEMBL1096002,0.40864468,0.22926293,0.3218368508311015,1,0.704225352112676,Brc1ccccc1~OCCc1ccccc1Cl
CHEMBL1096002~CHEMBL1082248,0.40864468,0.22926293,0.3218368508311015,1,0.704225352112676,Brc1ccccc1~OCCc1ccccc1Cl
CHEMBL1082248~CHEMBL1083517,2.627442,2.7026067,0.5512823790611763,4,0.5611510791366906,c1ccccc1~c1ccccc1
CHEMBL1083517~CHEMBL1082248,2.627442,2.7026067,0.5512823790611763,4,0.5611510791366906,c1ccccc1~c1ccccc1
CHEMBL1082248~CHEMBL1089056,2.627442,2.7026067,0.09494850356647733,8,0.4094488188976378,c1ccccc1~c1ccccc1
CHEMBL1089056~CHEMBL1082248,2.627442,2.7026067,0.09494850356647733,8,0.4094488188976378,c1ccccc1~c1ccccc1
CHEMBL1082248~CHEMBL1084677,2.627442,2.7026067,0.052611807574921565,13,0.52,c1ccccc1~c1ccccc1
CHEMBL1084677~CHEMBL1082248,2.627442,2.7026067,0.052611807574921565,13,0.52,c1ccccc1~c1ccccc1
CHEMBL1082248~CHEMBL1084431,2.627442,2.7026067,0.8644654083769596,16,0.44025157232704404,c1ccccc1~c1ccccc1
CHEMBL1084431~CHEMBL1082248,2.627442,2.7026067,0.8644654083769596,16,0.44025157232704404,c1ccccc1~c1ccccc1
CHEMBL1082248~CHEMBL1077227,2.627442,2.7026067,0.9633557457649867,10,0.49635036496350365,c1ccccc1~c1ccccc1
CHEMBL1077227~CHEMBL1082248,2.627442,2.7026067,0.9633557457649867,10,0.49635036496350365,c1ccccc1~c1ccccc1
CHEMBL1082248~CHEMBL1085895,2.627442,2.7026067,0.1435412933320236,9,0.46357615894039733,c1ccccc1~c1ccccc1
CHEMBL1085895~CHEMBL1082248,2.627442,2.7026067,0.1435412933320236,9,0.46357615894039733,c1ccccc1~c1ccccc1
CHEMBL1082248~CHEMBL1089393,2.627442,2.7026067,0.3280683492669545,5,0.416,c1ccccc1~c1ccccc1
CHEMBL1089393~CHEMBL1082248,2.627442,2.7026067,0.3280683492669545,5,0.416,c1ccccc1~c1ccccc1
CHEMBL1082248~CHEMBL1078774,2.627442,2.7026067,0.8926616869565348,8,0.31343283582089554,c1ccccc1~c1ccccc1
CHEMBL1078774~CHEMBL1082248,2.627442,2.7026067,0.8926616869565348,8,0.31343283582089554,c1ccccc1~c1ccccc1
CHEMBL1082248~CHEMBL1085692,2.627442,2.7026067,0.6380786009879873,8,0.7581699346405228,c1ccccc1~c1ccccc1
CHEMBL1085692~CHEMBL1082248,2.627442,2.7026067,0.6380786009879873,8,0.7581699346405228,c1ccccc1~c1ccccc1
CHEMBL1082248~CHEMBL1084676,2.627442,2.7026067,0.7766061472658201,12,0.4774193548387097,c1ccccc1~c1ccccc1
CHEMBL1084676~CHEMBL1082248,2.627442,2.7026067,0.7766061472658201,12,0.4774193548387097,c1ccccc1~c1ccccc1
CHEMBL1082248~CHEMBL1084935,2.627442,2.7026067,0.3381023828860841,7,0.524822695035461,c1ccccc1~c1ccccc1
CHEMBL1084935~CHEMBL1082248,2.627442,2.7026067,0.3381023828860841,7,0.524822695035461,c1ccccc1~c1ccccc1
CHEMBL1082248~CHEMBL1093088,2.627442,2.7026067,0.463834313517161,10,0.496551724137931,c1ccccc1~c1ccccc1
CHEMBL1093088~CHEMBL1082248,2.627442,2.7026067,0.463834313517161,10,0.496551724137931,c1ccccc1~c1ccccc1
CHEMBL1083836~CHEMBL1082249,0.5953187,0.2755074,0.23151798583410088,7,0.5405405405405406,c1ccc(C2CC2)cc1~CC(=O)NCCc1cccc(Br)c1F
CHEMBL1082249~CHEMBL1083836,0.5953187,0.2755074,0.23151798583410088,7,0.5405405405405406,c1ccc(C2CC2)cc1~CC(=O)NCCc1cccc(Br)c1F
CHEMBL1083836~CHEMBL1096002,0.5781277,0.3771919,0.10036055700973079,5,0.5428571428571428,c1ccc(C2CC2)cc1~OCCc1cccc(Cl)c1F
CHEMBL1096002~CHEMBL1083836,0.5781277,0.3771919,0.10036055700973079,5,0.5428571428571428,c1ccc(C2CC2)cc1~OCCc1cccc(Cl)c1F
CHEMBL1083836~CHEMBL1083517,1.730295,0.65515214,0.2714481691290058,7,0.7007299270072993,c1ccc(C2CC2)cc1~Oc1ccccc1(F)(F)F
CHEMBL1083517~CHEMBL1083836,1.730295,0.65515214,0.2714481691290058,7,0.7007299270072993,c1ccc(C2CC2)cc1~Oc1ccccc1(F)(F)F
CHEMBL1083836~CHEMBL1089056,2.627442,2.7026067,0.4136515221411877,8,0.544,c1ccccc1~c1ccccc1
CHEMBL1089056~CHEMBL1083836,2.627442,2.7026067,0.4136515221411877,8,0.544,c1ccccc1~c1ccccc1
CHEMBL1083836~CHEMBL1084677,2.627442,2.7026067,0.835104781477461,12,0.6216216216216216,c1ccccc1~c1ccccc1
CHEMBL1084677~CHEMBL1083836,2.627442,2.7026067,0.835104781477461,12,0.6216216216216216,c1ccccc1~c1ccccc1
CHEMBL1083836~CHEMBL1084431,2.627442,2.7026067,0.2537956715269013,16,0.5605095541401274,c1ccccc1~c1ccccc1
CHEMBL1084431~CHEMBL1083836,2.627442,2.7026067,0.2537956715269013,16,0.5605095541401274,c1ccccc1~c1ccccc1
CHEMBL1083836~CHEMBL1077227,2.627442,2.7026067,0.5726517420622951,9,0.6074074074074074,c1ccccc1~c1ccccc1
CHEMBL1077227~CHEMBL1083836,2.627442,2.7026067,0.5726517420622951,9,0.6074074074074074,c1ccccc1~c1ccccc1
CHEMBL1083836~CHEMBL1085895,0.7180978,0.51915586,0.9900907763261243,10,0.5637583892617449,c1ccc(C2CC2)cc1~O=Cc1cccc(C(F)(F)F)c1CNCCCO
CHEMBL1085895~CHEMBL1083836,0.7180978,0.51915586,0.9900907763261243,10,0.5637583892617449,c1ccc(C2CC2)cc1~O=Cc1cccc(C(F)(F)F)c1CNCCCO
CHEMBL1083836~CHEMBL1089393,2.627442,2.7026067,0.740585978366105,6,0.5528455284552846,c1ccccc1~c1ccccc1
CHEMBL1089393~CHEMBL1083836,2.627442,2.7026067,0.740585978366105,6,0.5528455284552846,c1ccccc1~c1ccccc1
CHEMBL1083836~CHEMBL1078774,2.627442,2.7026067,0.7479651745032554,9,0.3939393939393939,c1ccccc1~c1ccccc1
CHEMBL1078774~CHEMBL1083836,2.627442,2.7026067,0.7479651745032554,9,0.3939393939393939,c1ccccc1~c1ccccc1
CHEMBL1083836~CHEMBL1085692,2.627442,2.7026067,0.28025627732475356,12,0.4768211920529801,c1ccccc1~c1ccccc1
CHEMBL1085692~CHEMBL1083836,2.627442,2.7026067,0.28025627732475356,12,0.4768211920529801,c1ccccc1~c1ccccc1
CHEMBL1083836~CHEMBL1084676,2.627442,2.7026067,0.1146318624835091,12,0.5882352941176471,c1ccccc1~c1ccccc1
CHEMBL1084676~CHEMBL1083836,2.627442,2.7026067,0.1146318624835091,12,0.5882352941176471,c1ccccc1~c1ccccc1
CHEMBL1083836~CHEMBL1084935,2.627442,2.7026067,0.16346202254751407,10,0.6187050359712231,c1ccccc1~c1ccccc1
CHEMBL1084935~CHEMBL1083836,2.627442,2.7026067,0.16346202254751407,10,0.6187050359712231,c1ccccc1~c1ccccc1
CHEMBL1083836~CHEMBL1093088,2.627442,2.7026067,0.27905607114944686,9,0.6153846153846154,c1ccccc1~c1ccccc1
CHEMBL1093088~CHEMBL1083836,2.627442,2.7026067,0.27905607114944686,9,0.6153846153846154,c1ccccc1~c1ccccc1
CHEMBL1082249~CHEMBL1096002,0.68970037,0.34556505,0.061949127647094704,3,0.7307692307692307,CC(=O)NCc1ccccc1Br~OCc1ccccc1Cl
CHEMBL1096002~CHEMBL1082249,0.68970037,0.34556505,0.061949127647094704,3,0.7307692307692307,CC(=O)NCc1ccccc1Br~OCc1ccccc1Cl
CHEMBL1082249~CHEMBL1083517,2.4674351,1.3497477,0.08804686873772105,10,0.4444444444444444,CC(=O)NCCc1cccc(Br)c1F~Oc1ccccc1(F)(F)F
CHEMBL1083517~CHEMBL1082249,2.4674351,1.3497477,0.08804686873772105,10,0.4444444444444444,CC(=O)NCCc1cccc(Br)c1F~Oc1ccccc1(F)(F)F
CHEMBL1082249~CHEMBL1089056,2.627442,2.7026067,0.1915758901739446,13,0.3829787234042553,c1ccccc1~c1ccccc1
CHEMBL1089056~CHEMBL1082249,2.627442,2.7026067,0.1915758901739446,13,0.3829787234042553,c1ccccc1~c1ccccc1
CHEMBL1082249~CHEMBL1084677,2.627442,2.7026067,0.9672273077941591,13,0.4878048780487805,c1ccccc1~c1ccccc1
CHEMBL1084677~CHEMBL1082249,2.627442,2.7026067,0.9672273077941591,13,0.4878048780487805,c1ccccc1~c1ccccc1
CHEMBL1082249~CHEMBL1084431,2.627442,2.7026067,0.6213532884528093,14,0.4624277456647399,c1ccccc1~c1ccccc1
CHEMBL1084431~CHEMBL1082249,2.627442,2.7026067,0.6213532884528093,14,0.4624277456647399,c1ccccc1~c1ccccc1
CHEMBL1082249~CHEMBL1077227,2.627442,2.7026067,0.5195424632560953,12,0.3841059602649007,c1ccccc1~c1ccccc1
CHEMBL1077227~CHEMBL1082249,2.627442,2.7026067,0.5195424632560953,12,0.3841059602649007,c1ccccc1~c1ccccc1
CHEMBL1082249~CHEMBL1085895,0.9609602,0.743015,0.26589426874114386,5,0.49696969696969695,CC(=O)NCCc1cccc(Br)c1F~O=Cc1cccc(C(F)(F)F)c1CNCCCO
CHEMBL1085895~CHEMBL1082249,0.9609602,0.743015,0.26589426874114386,5,0.49696969696969695,CC(=O)NCCc1cccc(Br)c1F~O=Cc1cccc(C(F)(F)F)c1CNCCCO
CHEMBL1082249~CHEMBL1089393,2.627442,2.7026067,0.955675528459627,10,0.38848920863309355,c1ccccc1~c1ccccc1
CHEMBL1089393~CHEMBL1082249,2.627442,2.7026067,0.955675528459627,10,0.38848920863309355,c1ccccc1~c1ccccc1
CHEMBL1082249~CHEMBL1078774,2.627442,2.7026067,0.8695270268784753,13,0.3108108108108108,c1ccccc1~c1ccccc1
CHEMBL1078774~CHEMBL1082249,2.627442,2.7026067,0.8695270268784753,13,0.3108108108108108,c1ccccc1~c1ccccc1
CHEMBL1082249~CHEMBL1085692,2.627442,2.7026067,0.9913611156352291,7,0.7544910179640718,c1ccccc1~c1ccccc1
CHEMBL1085692~CHEMBL1082249,2.627442,2.7026067,0.9913611156352291,7,0.7544910179640718,c1ccccc1~c1ccccc1
CHEMBL1082249~CHEMBL1084676,2.627442,2.7026067,0.5647655353453022,11,0.4970414201183432,c1ccccc1~c1ccccc1
CHEMBL1084676~CHEMBL1082249,2.627442,2.7026067,0.5647655353453022,11,0.4970414201183432,c1ccccc1~c1ccccc1
CHEMBL1082249~CHEMBL1084935,2.627442,2.7026067,0.7401040413167278,9,0.49032258064516127,c1ccccc1~c1ccccc1
CHEMBL1084935~CHEMBL1082249,2.627442,2.7026067,0.7401040413167278,9,0.49032258064516127,c1ccccc1~c1ccccc1
CHEMBL1082249~CHEMBL1093088,2.627442,2.7026067,0.3285321189101976,13,0.4528301886792453,c1ccccc1~c1ccccc1
CHEMBL1093088~CHEMBL1082249,2.627442,2.7026067,0.3285321189101976,13,0.4528301886792453,c1ccccc1~c1ccccc1
CHEMBL1096002~CHEMBL1083517,1.7722629,0.9110114,0.408403679555825,7,0.4827586206896552,OCCc1cccc(Cl)c1F~Oc1ccccc1(F)(F)F
CHEMBL1083517~CHEMBL1096002,1.7722629,0.9110114,0.408403679555825,7,0.4827586206896552,OCCc1cccc(Cl)c1F~Oc1ccccc1(F)(F)F
CHEMBL1096002~CHEMBL1089056,2.627442,2.7026067,0.7589392608846455,10,0.39097744360902253,c1ccccc1~c1ccccc1
CHEMBL1089056~CHEMBL1096002,2.627442,2.7026067,0.7589392608846455,10,0.39097744360902253,c1ccccc1~c1ccccc1
CHEMBL1096002~CHEMBL1084677,2.627442,2.7026067,0.9319647490031918,13,0.48717948717948717,c1ccccc1~c1ccccc1
CHEMBL1084677~CHEMBL1096002,2.627442,2.7026067,0.9319647490031918,13,0.48717948717948717,c1ccccc1~c1ccccc1
CHEMBL1096002~CHEMBL1084431,2.627442,2.7026067,0.6715771089760075,14,0.46060606060606063,c1ccccc1~c1ccccc1
CHEMBL1084431~CHEMBL1096002,2.627442,2.7026067,0.6715771089760075,14,0.46060606060606063,c1ccccc1~c1ccccc1
CHEMBL1096002~CHEMBL1077227,2.627442,2.7026067,0.6409844048436208,11,0.3776223776223776,c1ccccc1~c1ccccc1
CHEMBL1077227~CHEMBL1096002,2.627442,2.7026067,0.6409844048436208,11,0.3776223776223776,c1ccccc1~c1ccccc1
CHEMBL1096002~CHEMBL1085895,0.6260028,0.31960154,0.037004222633951644,9,0.4840764331210191,OCCc1cccc(Cl)c1F~O=Cc1cccc(C(F)(F)F)c1CNCCCO
CHEMBL1085895~CHEMBL1096002,0.6260028,0.31960154,0.037004222633951644,9,0.4840764331210191,OCCc1cccc(Cl)c1F~O=Cc1cccc(C(F)(F)F)c1CNCCCO
CHEMBL1096002~CHEMBL1089393,2.627442,2.7026067,0.9796985548726038,7,0.4732824427480916,c1ccccc1~c1ccccc1
CHEMBL1089393~CHEMBL1096002,2.627442,2.7026067,0.9796985548726038,7,0.4732824427480916,c1ccccc1~c1ccccc1
CHEMBL1096002~CHEMBL1078774,2.627442,2.7026067,0.89602797320931,10,0.3142857142857143,c1ccccc1~c1ccccc1
CHEMBL1078774~CHEMBL1096002,2.627442,2.7026067,0.89602797320931,10,0.3142857142857143,c1ccccc1~c1ccccc1
CHEMBL1096002~CHEMBL1085692,2.627442,2.7026067,0.6790886889841046,8,0.5911949685534591,c1ccccc1~c1ccccc1
CHEMBL1085692~CHEMBL1096002,2.627442,2.7026067,0.6790886889841046,8,0.5911949685534591,c1ccccc1~c1ccccc1
CHEMBL1096002~CHEMBL1084676,2.627442,2.7026067,0.5457498335287088,11,0.4472049689440994,c1ccccc1~c1ccccc1
CHEMBL1084676~CHEMBL1096002,2.627442,2.7026067,0.5457498335287088,11,0.4472049689440994,c1ccccc1~c1ccccc1
CHEMBL1096002~CHEMBL1084935,2.627442,2.7026067,0.5813336086605998,5,0.5034013605442177,c1ccccc1~c1ccccc1
CHEMBL1084935~CHEMBL1096002,2.627442,2.7026067,0.5813336086605998,5,0.5034013605442177,c1ccccc1~c1ccccc1
CHEMBL1096002~CHEMBL1093088,2.627442,2.7026067,0.4862665794520966,6,0.4900662251655629,c1ccccc1~c1ccccc1
CHEMBL1093088~CHEMBL1096002,2.627442,2.7026067,0.4862665794520966,6,0.4900662251655629,c1ccccc1~c1ccccc1
CHEMBL1083517~CHEMBL1089056,2.627442,2.7026067,0.6016014526064939,8,0.5076923076923077,c1ccccc1~c1ccccc1
CHEMBL1089056~CHEMBL1083517,2.627442,2.7026067,0.6016014526064939,8,0.5076923076923077,c1ccccc1~c1ccccc1
CHEMBL1083517~CHEMBL1084677,2.627442,2.7026067,0.5929276505238772,9,0.6928104575163399,c1ccccc1~c1ccccc1
CHEMBL1084677~CHEMBL1083517,2.627442,2.7026067,0.5929276505238772,9,0.6928104575163399,c1ccccc1~c1ccccc1
CHEMBL1083517~CHEMBL1084431,2.627442,2.7026067,0.012436017302335012,12,0.6419753086419753,c1ccccc1~c1ccccc1
CHEMBL1084431~CHEMBL1083517,2.627442,2.7026067,0.012436017302335012,12,0.6419753086419753,c1ccccc1~c1ccccc1
CHEMBL1083517~CHEMBL1077227,2.627442,2.7026067,0.5324209678931047,9,0.6714285714285714,c1ccccc1~c1ccccc1
CHEMBL1077227~CHEMBL1083517,2.627442,2.7026067,0.5324209678931047,9,0.6714285714285714,c1ccccc1~c1ccccc1
CHEMBL1083517~CHEMBL1085895,1.0620811,0.7577974,0.49683728086635426,6,0.6493506493506493,Oc1ccccc1~O=C(NCCCO)c1ccccc1
CHEMBL1085895~CHEMBL1083517,1.0620811,0.7577974,0.49683728086635426,6,0.6493506493506493,Oc1ccccc1~O=C(NCCCO)c1ccccc1
CHEMBL1083517~CHEMBL1089393,2.627442,2.7026067,0.002347944923512979,8,0.421875,c1ccccc1~c1ccccc1
CHEMBL1089393~CHEMBL1083517,2.627442,2.7026067,0.002347944923512979,8,0.421875,c1ccccc1~c1ccccc1
CHEMBL1083517~CHEMBL1078774,2.627442,2.7026067,0.34896488362452793,7,0.5109489051094891,c1ccccc1~c1ccccc1
CHEMBL1078774~CHEMBL1083517,2.627442,2.7026067,0.34896488362452793,7,0.5109489051094891,c1ccccc1~c1ccccc1
CHEMBL1083517~CHEMBL1085692,2.627442,2.7026067,0.50158116464772,13,0.3974358974358974,c1ccccc1~c1ccccc1
CHEMBL1085692~CHEMBL1083517,2.627442,2.7026067,0.50158116464772,13,0.3974358974358974,c1ccccc1~c1ccccc1
CHEMBL1083517~CHEMBL1084676,2.627442,2.7026067,0.22151099371580274,8,0.6455696202531646,c1ccccc1~c1ccccc1
CHEMBL1084676~CHEMBL1083517,2.627442,2.7026067,0.22151099371580274,8,0.6455696202531646,c1ccccc1~c1ccccc1
CHEMBL1083517~CHEMBL1084935,2.627442,2.7026067,0.36935575801916065,7,0.5972222222222222,c1ccccc1~c1ccccc1
CHEMBL1084935~CHEMBL1083517,2.627442,2.7026067,0.36935575801916065,7,0.5972222222222222,c1ccccc1~c1ccccc1
CHEMBL1083517~CHEMBL1093088,2.627442,2.7026067,0.7743584926909043,6,0.6756756756756757,c1ccccc1~c1ccccc1
CHEMBL1093088~CHEMBL1083517,2.627442,2.7026067,0.7743584926909043,6,0.6756756756756757,c1ccccc1~c1ccccc1
CHEMBL1089056~CHEMBL1084677,2.627442,2.7026067,0.10465054235280169,13,0.5531914893617021,c1ccccc1~c1ccccc1
CHEMBL1084677~CHEMBL1089056,2.627442,2.7026067,0.10465054235280169,13,0.5531914893617021,c1ccccc1~c1ccccc1
CHEMBL1089056~CHEMBL1084431,2.627442,2.7026067,0.10563893647111144,18,0.52,c1ccccc1~c1ccccc1
CHEMBL1084431~CHEMBL1089056,2.627442,2.7026067,0.10563893647111144,18,0.52,c1ccccc1~c1ccccc1
CHEMBL1089056~CHEMBL1077227,2.627442,2.7026067,0.7480222121628997,9,0.515625,c1ccccc1~c1ccccc1
CHEMBL1077227~CHEMBL1089056,2.627442,2.7026067,0.7480222121628997,9,0.515625,c1ccccc1~c1ccccc1
CHEMBL1089056~CHEMBL1085895,0.5849922,0.3444673,0.489533419715802,12,0.5211267605633803,CC(C)(C)c1ccccc1~O=C(NCCCO)NCCc1ccc(CF)c(CF)c1CF
CHEMBL1085895~CHEMBL1089056,0.5849922,0.3444673,0.489533419715802,12,0.5211267605633803,CC(C)(C)c1ccccc1~O=C(NCCCO)NCCc1ccc(CF)c(CF)c1CF
CHEMBL1089056~CHEMBL1089393,0.14664647,0.042983767,0.42993199779226754,3,0.7931034482758621,CC(C)(C)c1ccccc1~Clc1ccccc1
CHEMBL1089393~CHEMBL1089056,0.14664647,0.042983767,0.42993199779226754,3,0.7931034482758621,CC(C)(C)c1ccccc1~Clc1ccccc1
CHEMBL1089056~CHEMBL1078774,0.17609744,0.086074084,0.6729437182505879,2,0.8,c1ccccc1~Oc1ccccc1
CHEMBL1078774~CHEMBL1089056,0.17609744,0.086074084,0.6729437182505879,2,0.8,c1ccccc1~Oc1ccccc1
CHEMBL1089056~CHEMBL1085692,2.627442,2.7026067,0.3944206815094502,15,0.3472222222222222,c1ccccc1~c1ccccc1
CHEMBL1085692~CHEMBL1089056,2.627442,2.7026067,0.3944206815094502,15,0.3472222222222222,c1ccccc1~c1ccccc1
CHEMBL1089056~CHEMBL1084676,2.627442,2.7026067,0.09840617442480148,14,0.5205479452054794,c1ccccc1~c1ccccc1
CHEMBL1084676~CHEMBL1089056,2.627442,2.7026067,0.09840617442480148,14,0.5205479452054794,c1ccccc1~c1ccccc1
CHEMBL1089056~CHEMBL1084935,2.627442,2.7026067,0.6042001505965217,8,0.6666666666666666,c1ccccc1~c1ccccc1
CHEMBL1084935~CHEMBL1089056,2.627442,2.7026067,0.6042001505965217,8,0.6666666666666666,c1ccccc1~c1ccccc1
CHEMBL1089056~CHEMBL1093088,0.6464556,0.2087886,0.5292097614130965,9,0.5588235294117647,CC(C)(C)c1ccccc1~FCc1ccc(CCn2cncn2)c(CF)c1CF
CHEMBL1093088~CHEMBL1089056,0.6464556,0.2087886,0.5292097614130965,9,0.5588235294117647,CC(C)(C)c1ccccc1~FCc1ccc(CCn2cncn2)c(CF)c1CF
CHEMBL1084677~CHEMBL1084431,2.627442,2.7026067,0.7378691397630049,13,0.6705202312138728,c1ccccc1~c1ccccc1
CHEMBL1084431~CHEMBL1084677,2.627442,2.7026067,0.7378691397630049,13,0.6705202312138728,c1ccccc1~c1ccccc1
CHEMBL1084677~CHEMBL1077227,2.627442,2.7026067,0.516951098622147,16,0.5165562913907285,c1ccccc1~c1ccccc1
CHEMBL1077227~CHEMBL1084677,2.627442,2.7026067,0.516951098622147,16,0.5165562913907285,c1ccccc1~c1ccccc1
CHEMBL1084677~CHEMBL1085895,2.627442,2.7026067,0.2694566362258065,8,0.7515151515151515,c1ccccc1~c1ccccc1
CHEMBL1085895~CHEMBL1084677,2.627442,2.7026067,0.2694566362258065,8,0.7515151515151515,c1ccccc1~c1ccccc1
CHEMBL1084677~CHEMBL1089393,2.627442,2.7026067,0.25573892974339774,13,0.4748201438848921,c1ccccc1~c1ccccc1
CHEMBL1089393~CHEMBL1084677,2.627442,2.7026067,0.25573892974339774,13,0.4748201438848921,c1ccccc1~c1ccccc1
CHEMBL1084677~CHEMBL1078774,2.627442,2.7026067,0.1523599822746028,14,0.43243243243243246,c1ccccc1~c1ccccc1
CHEMBL1078774~CHEMBL1084677,2.627442,2.7026067,0.1523599822746028,14,0.43243243243243246,c1ccccc1~c1ccccc1
CHEMBL1084677~CHEMBL1085692,2.627442,2.7026067,0.8585565738827952,14,0.5029940119760479,c1ccccc1~c1ccccc1
CHEMBL1085692~CHEMBL1084677,2.627442,2.7026067,0.8585565738827952,14,0.5029940119760479,c1ccccc1~c1ccccc1
CHEMBL1084677~CHEMBL1084676,2.627442,2.7026067,0.09281175635660033,9,0.757396449704142,c1ccccc1~c1ccccc1
CHEMBL1084676~CHEMBL1084677,2.627442,2.7026067,0.09281175635660033,9,0.757396449704142,c1ccccc1~c1ccccc1
CHEMBL1084677~CHEMBL1084935,2.627442,2.7026067,0.31647770746885473,13,0.632258064516129,c1ccccc1~c1ccccc1
CHEMBL1084935~CHEMBL1084677,2.627442,2.7026067,0.31647770746885473,13,0.632258064516129,c1ccccc1~c1ccccc1
CHEMBL1084677~CHEMBL1093088,2.627442,2.7026067,0.6332746120797091,9,0.7295597484276729,c1ccccc1~c1ccccc1
CHEMBL1093088~CHEMBL1084677,2.627442,2.7026067,0.6332746120797091,9,0.7295597484276729,c1ccccc1~c1ccccc1
CHEMBL1084431~CHEMBL1077227,2.627442,2.7026067,0.7716359311401177,23,0.45,c1ccccc1~c1ccccc1
CHEMBL1077227~CHEMBL1084431,2.627442,2.7026067,0.7716359311401177,23,0.45,c1ccccc1~c1ccccc1
CHEMBL1084431~CHEMBL1085895,2.627442,2.7026067,0.4304816135520305,11,0.6896551724137931,c1ccccc1~c1ccccc1
CHEMBL1085895~CHEMBL1084431,2.627442,2.7026067,0.4304816135520305,11,0.6896551724137931,c1ccccc1~c1ccccc1
CHEMBL1084431~CHEMBL1089393,2.627442,2.7026067,0.49390039654938656,18,0.44594594594594594,c1ccccc1~c1ccccc1
CHEMBL1089393~CHEMBL1084431,2.627442,2.7026067,0.49390039654938656,18,0.44594594594594594,c1ccccc1~c1ccccc1
CHEMBL1084431~CHEMBL1078774,2.627442,2.7026067,0.4673004771048854,19,0.40764331210191085,c1ccccc1~c1ccccc1
CHEMBL1078774~CHEMBL1084431,2.627442,2.7026067,0.4673004771048854,19,0.40764331210191085,c1ccccc1~c1ccccc1
CHEMBL1084431~CHEMBL1085692,2.627442,2.7026067,0.876907219205122,20,0.45454545454545453,c1ccccc1~c1ccccc1
CHEMBL1085692~CHEMBL1084431,2.627442,2.7026067,0.876907219205122,20,0.45454545454545453,c1ccccc1~c1ccccc1
CHEMBL1084431~CHEMBL1084676,2.627442,2.7026067,0.17863358152111508,5,0.6966292134831461,c1ccccc1~c1ccccc1
CHEMBL1084676~CHEMBL1084431,2.627442,2.7026067,0.17863358152111508,5,0.6966292134831461,c1ccccc1~c1ccccc1
CHEMBL1084431~CHEMBL1084935,2.627442,2.7026067,0.10861125778868319,12,0.6219512195121951,c1ccccc1~c1ccccc1
CHEMBL1084935~CHEMBL1084431,2.627442,2.7026067,0.10861125778868319,12,0.6219512195121951,c1ccccc1~c1ccccc1
CHEMBL1084431~CHEMBL1093088,2.627442,2.7026067,0.13447613205692477,14,0.6785714285714286,c1ccccc1~c1ccccc1
CHEMBL1093088~CHEMBL1084431,2.627442,2.7026067,0.13447613205692477,14,0.6785714285714286,c1ccccc1~c1ccccc1
CHEMBL1077227~CHEMBL1085895,2.627442,2.7026067,0.5505959718945043,17,0.4605263157894737,c1ccccc1~c1ccccc1
CHEMBL1085895~CHEMBL1077227,2.627442,2.7026067,0.5505959718945043,17,0.4605263157894737,c1ccccc1~c1ccccc1
CHEMBL1077227~CHEMBL1089393,2.627442,2.7026067,0.1757136002440336,12,0.3333333333333333,c1ccccc1~c1ccccc1
CHEMBL1089393~CHEMBL1077227,2.627442,2.7026067,0.1757136002440336,12,0.3333333333333333,c1ccccc1~c1ccccc1
CHEMBL1077227~CHEMBL1078774,2.627442,2.7026067,0.44603529559545285,11,0.4888888888888889,c1ccccc1~c1ccccc1
CHEMBL1078774~CHEMBL1077227,2.627442,2.7026067,0.44603529559545285,11,0.4888888888888889,c1ccccc1~c1ccccc1
CHEMBL1077227~CHEMBL1085692,2.627442,2.7026067,0.1610385042542255,18,0.3246753246753247,c1ccccc1~c1ccccc1
CHEMBL1085692~CHEMBL1077227,2.627442,2.7026067,0.1610385042542255,18,0.3246753246753247,c1ccccc1~c1ccccc1
CHEMBL1077227~CHEMBL1084676,2.627442,2.7026067,0.7343828667401124,19,0.46153846153846156,c1ccccc1~c1ccccc1
CHEMBL1084676~CHEMBL1077227,2.627442,2.7026067,0.7343828667401124,19,0.46153846153846156,c1ccccc1~c1ccccc1
CHEMBL1077227~CHEMBL1084935,2.627442,2.7026067,0.6247728688917081,12,0.5915492957746479,c1ccccc1~c1ccccc1
CHEMBL1084935~CHEMBL1077227,2.627442,2.7026067,0.6247728688917081,12,0.5915492957746479,c1ccccc1~c1ccccc1
CHEMBL1077227~CHEMBL1093088,2.627442,2.7026067,0.8049920098524252,13,0.5068493150684932,c1ccccc1~c1ccccc1
CHEMBL1093088~CHEMBL1077227,2.627442,2.7026067,0.8049920098524252,13,0.5068493150684932,c1ccccc1~c1ccccc1
CHEMBL1085895~CHEMBL1089393,0.8114456,0.383846,0.06469923149206258,12,0.45714285714285713,O=C(NCCCO)NCCc1ccccc1C(F)(F)F~Clc1ccccc1
CHEMBL1089393~CHEMBL1085895,0.8114456,0.383846,0.06469923149206258,12,0.45714285714285713,O=C(NCCCO)NCCc1ccccc1C(F)(F)F~Clc1ccccc1
CHEMBL1085895~CHEMBL1078774,1.0952731,0.49056935,0.5922693897459091,13,0.40268456375838924,O=C(NCCCO)NCCc1ccc(CF)c(CF)c1CF~CC(C)(C)Cc1cccc(F)c1O
CHEMBL1078774~CHEMBL1085895,1.0952731,0.49056935,0.5922693897459091,13,0.40268456375838924,O=C(NCCCO)NCCc1ccc(CF)c(CF)c1CF~CC(C)(C)Cc1cccc(F)c1O
CHEMBL1085895~CHEMBL1085692,2.627442,2.7026067,0.019382613362996626,12,0.5595238095238095,c1ccccc1~c1ccccc1
CHEMBL1085692~CHEMBL1085895,2.627442,2.7026067,0.019382613362996626,12,0.5595238095238095,c1ccccc1~c1ccccc1
CHEMBL1085895~CHEMBL1084676,2.627442,2.7026067,0.5792884553656714,7,0.788235294117647,c1ccccc1~c1ccccc1
CHEMBL1084676~CHEMBL1085895,2.627442,2.7026067,0.5792884553656714,7,0.788235294117647,c1ccccc1~c1ccccc1
CHEMBL1085895~CHEMBL1084935,2.627442,2.7026067,0.8054889514361362,9,0.6538461538461539,c1ccccc1~c1ccccc1
CHEMBL1084935~CHEMBL1085895,2.627442,2.7026067,0.8054889514361362,9,0.6538461538461539,c1ccccc1~c1ccccc1
CHEMBL1085895~CHEMBL1093088,1.1882207,0.47568184,0.9195483116640156,8,0.7,O=C(NCCCO)NCc1ccccc1~c1ccc(Cn2cncn2)cc1
CHEMBL1093088~CHEMBL1085895,1.1882207,0.47568184,0.9195483116640156,8,0.7,O=C(NCCCO)NCc1ccccc1~c1ccc(Cn2cncn2)cc1
CHEMBL1089393~CHEMBL1078774,0.27870825,0.12605031,0.7408303052130478,6,0.6178861788617886,Clc1ccccc1~CC(C)(C)c1cccc(F)c1O
CHEMBL1078774~CHEMBL1089393,0.27870825,0.12605031,0.7408303052130478,6,0.6178861788617886,Clc1ccccc1~CC(C)(C)c1cccc(F)c1O
CHEMBL1089393~CHEMBL1085692,2.627442,2.7026067,0.9085820493030364,12,0.352112676056338,c1ccccc1~c1ccccc1
CHEMBL1085692~CHEMBL1089393,2.627442,2.7026067,0.9085820493030364,12,0.352112676056338,c1ccccc1~c1ccccc1
CHEMBL1089393~CHEMBL1084676,2.627442,2.7026067,0.01481349847090363,14,0.4444444444444444,c1ccccc1~c1ccccc1
CHEMBL1084676~CHEMBL1089393,2.627442,2.7026067,0.01481349847090363,14,0.4444444444444444,c1ccccc1~c1ccccc1
CHEMBL1089393~CHEMBL1084935,2.627442,2.7026067,0.4714619674795767,11,0.49230769230769234,c1ccccc1~c1ccccc1
CHEMBL1084935~CHEMBL1089393,2.627442,2.7026067,0.4714619674795767,11,0.49230769230769234,c1ccccc1~c1ccccc1
CHEMBL1089393~CHEMBL1093088,2.627442,2.7026067,0.2223951773081586,9,0.47761194029850745,c1ccccc1~c1ccccc1
CHEMBL1093088~CHEMBL1089393,2.627442,2.7026067,0.2223951773081586,9,0.47761194029850745,c1ccccc1~c1ccccc1
CHEMBL1078774~CHEMBL1085692,2.627442,2.7026067,0.011095300628186977,15,0.2781456953642384,c1ccccc1~c1ccccc1
CHEMBL1085692~CHEMBL1078774,2.627442,2.7026067,0.011095300628186977,15,0.2781456953642384,c1ccccc1~c1ccccc1
CHEMBL1078774~CHEMBL1084676,2.627442,2.7026067,0.41142909166420316,15,0.40522875816993464,c1ccccc1~c1ccccc1
CHEMBL1084676~CHEMBL1078774,2.627442,2.7026067,0.41142909166420316,15,0.40522875816993464,c1ccccc1~c1ccccc1
CHEMBL1078774~CHEMBL1084935,2.627442,2.7026067,0.3306351770319983,9,0.5179856115107914,c1ccccc1~c1ccccc1
CHEMBL1084935~CHEMBL1078774,2.627442,2.7026067,0.3306351770319983,9,0.5179856115107914,c1ccccc1~c1ccccc1
CHEMBL1078774~CHEMBL1093088,0.7699172,0.24137539,0.8099025331945588,10,0.4195804195804196,CC(C)(C)Cc1cccc(F)c1O~FCc1ccc(CCn2cncn2)c(CF)c1CF
CHEMBL1093088~CHEMBL1078774,0.7699172,0.24137539,0.8099025331945588,10,0.4195804195804196,CC(C)(C)Cc1cccc(F)c1O~FCc1ccc(CCn2cncn2)c(CF)c1CF
CHEMBL1085692~CHEMBL1084676,2.627442,2.7026067,0.9118955674259404,6,0.5930232558139535,c1ccccc1~c1ccccc1
CHEMBL1084676~CHEMBL1085692,2.627442,2.7026067,0.9118955674259404,6,0.5930232558139535,c1ccccc1~c1ccccc1
CHEMBL1085692~CHEMBL1084935,2.627442,2.7026067,0.5073564437009845,12,0.5063291139240507,c1ccccc1~c1ccccc1
CHEMBL1084935~CHEMBL1085692,2.627442,2.7026067,0.5073564437009845,12,0.5063291139240507,c1ccccc1~c1ccccc1
CHEMBL1085692~CHEMBL1093088,2.627442,2.7026067,0.49699220274298195,18,0.4567901234567901,c1ccccc1~c1ccccc1
CHEMBL1093088~CHEMBL1085692,2.627442,2.7026067,0.49699220274298195,18,0.4567901234567901,c1ccccc1~c1ccccc1
CHEMBL1084676~CHEMBL1084935,2.627442,2.7026067,0.6161028776970893,13,0.65,c1ccccc1~c1ccccc1
CHEMBL1084935~CHEMBL1084676,2.627442,2.7026067,0.6161028776970893,13,0.65,c1ccccc1~c1ccccc1
CHEMBL1084676~CHEMBL1093088,2.627442,2.7026067,0.0511602794826842,10,0.6951219512195121,c1ccccc1~c1ccccc1
CHEMBL1093088~CHEMBL1084676,2.627442,2.7026067,0.0511602794826842,10,0.6951219512195121,c1ccccc1~c1ccccc1
CHEMBL1084935~CHEMBL1093088,2.627442,2.7026067,0.4358782449156442,10,0.6666666666666666,c1ccccc1~c1ccccc1
CHEMBL1093088~CHEMBL1084935,2.627442,2.7026067,0.4358782449156442,10,0.6666666666666666,c1ccccc1~c1ccccc1
